seg_idx,circuitid,substation,division,mid_lat,mid_lon
0,012041102,01204,East Bay,37.835118500191584,-122.2788587101619
1,062462223,06246,Sacramento,38.19383334537557,-121.57237548671756
2,062462227,06246,Sacramento,38.35386191215396,-121.62012962228043
3,012091116,01209,East Bay,37.78183528548118,-122.19696908997432
4,042281105,04228,Humboldt,39.40817598608729,-123.1256808660146
5,024251101,02425,Peninsula,37.38502365540981,-122.2613289224203
6,014592105,01459,Diablo,37.895201704814156,-121.69652019157508
7,042091101,04209,Sonoma,38.47681143143214,-122.9558063448411
8,014091105,01409,Mission,37.70140076221186,-122.08672876136352
9,013111109,01311,Mission,37.74537525967458,-122.12553307858933
10,062462225,06246,Sacramento,38.16728556939928,-121.66835861029183
11,022500402,02250,Peninsula,37.73567479254512,-122.49095549401011
12,022031106,02203,San Francisco,37.75930564908346,-122.38749237906833
13,062462224,06246,Sacramento,38.17609684339378,-121.52751975404453
14,022031113,02203,San Francisco,37.76534257871769,-122.38903876861961
15,014452108,01445,Diablo,38.00339147500082,-121.83906271952448
16,024130402,02413,Peninsula,37.45178795078106,-122.2138204599114
17,013660402,01366,Mission,37.70167132313866,-122.08315075278239
18,014091105,01409,Mission,37.70140076221186,-122.08672876136352
19,013111107,01311,Mission,37.69769127117992,-122.10539954059414
20,024181103,02418,Peninsula,37.47835755320161,-122.24049564065479
21,024181102,02418,Peninsula,37.50186437126989,-122.24628080931349
22,024181104,02418,Peninsula,37.49877668796653,-122.27147719419914
23,024181101,02418,Peninsula,37.50170320497685,-122.25264876453392
24,022031121,02203,San Francisco,37.7557926182647,-122.3826311621433
25,014101105,01410,Diablo,37.97359058390771,-122.12578481533168
26,013432208,01343,Diablo,37.991755254777964,-122.12008438358257
27,014101102,01410,Diablo,38.00877650990026,-122.11909391439463
28,014101101,01410,Diablo,37.990609134378715,-122.12581619573425
29,022031108,02203,San Francisco,37.76894227881138,-122.40191522500092
30,022691101,02269,Peninsula,37.599361714327166,-122.38312234571538
31,022691106,02269,Peninsula,37.602446936126945,-122.37551649499245
32,083392110,08339,San Jose,37.36244654470772,-121.57819300659716
33,022031109,02203,San Francisco,37.755308805887786,-122.3890248673734
34,022031107,02203,San Francisco,37.75470981289978,-122.39814429871849
35,012541115,01254,East Bay,37.8153677224303,-122.24358747573781
36,012541107,01254,East Bay,37.830141449512126,-122.23639720685331
37,013761114,01376,Mission,37.62496997510206,-122.1200654231877
38,022031119,02203,San Francisco,37.76156238952768,-122.39160810720702
39,083622103,08362,Central Coast,37.02693512567584,-122.03012598988563
40,024021102,02402,Peninsula,37.488258974671865,-122.14026347102181
41,024021103,02402,Peninsula,37.48266418104005,-122.1759887347154
42,013660402,01366,Mission,37.70167132313866,-122.08315075278239
43,014091105,01409,Mission,37.70140076221186,-122.08672876136352
44,013111107,01311,Mission,37.69769127117992,-122.10539954059414
45,014452108,01445,Diablo,38.00339147500082,-121.83906271952448
46,022031113,02203,San Francisco,37.76534257871769,-122.38903876861961
47,022031119,02203,San Francisco,37.76156238952768,-122.39160810720702
48,012011101,01201,East Bay,37.79940318174383,-122.28011796790051
49,012011102,01201,East Bay,37.79747785929745,-122.27565669509498
50,012011103,01201,East Bay,37.80702761615906,-122.27162862030002
51,012011104,01201,East Bay,37.80152899691201,-122.262550894214
52,012011105,01201,East Bay,37.802192560390814,-122.2724093575088
53,012011106,01201,East Bay,37.80450502916828,-122.26959758160461
54,012011108,01201,East Bay,37.82326791877152,-122.30892968454131
55,012011109,01201,East Bay,37.788627200528154,-122.25368256491522
56,012011110,01201,East Bay,37.804616639532135,-122.29478235212305
57,012011112,01201,East Bay,37.80746025978678,-122.2797632124421
58,012011113,01201,East Bay,37.81303738742568,-122.28481042087925
59,012011114,01201,East Bay,37.79258258576702,-122.27015723945524
60,012011115,01201,East Bay,37.79870464360124,-122.27404786441309
61,012011116,01201,East Bay,37.81817693333041,-122.27153143315886
62,012011117,01201,East Bay,37.8140433588476,-122.2934633756223
63,012011118,01201,East Bay,37.81220536796235,-122.28513304560569
64,012011119,01201,East Bay,37.79669022620619,-122.29927145733302
65,012011120,01201,East Bay,37.803602368363336,-122.33904940532734
66,012011121,01201,East Bay,37.800557340792324,-122.28349657946092
67,012011132,01201,East Bay,37.80026759532787,-122.28604218693944
68,012011133,01201,East Bay,37.80728783415767,-122.27290772746476
69,012011134,01201,East Bay,37.801075102998176,-122.28909569539091
70,012021103,01202,Diablo,37.96622468544422,-121.97878816023392
71,012021104,01202,Diablo,37.97771329836853,-121.98551084408415
72,012021104,01202,Diablo,37.982854376416846,-121.99884773323545
73,012022211,01202,Diablo,37.953295099963164,-121.96262813993985
74,012022212,01202,Diablo,37.893846216117524,-121.86225749134213
75,012022213,01202,Diablo,37.948899464143814,-121.93715835619714
76,012022214,01202,Diablo,37.963811883565604,-122.00502716751126
77,012022215,01202,Diablo,37.90717202510691,-122.0168412479816
78,012022216,01202,Diablo,37.9484898866086,-121.99954044693025
79,012022217,01202,Diablo,37.94987275149286,-121.97801293377263
80,012022218,01202,Diablo,37.943602179434514,-121.96346538913515
81,012040406,01204,East Bay,37.82563924186537,-122.27194586660399
82,012040407,01204,East Bay,37.84078080403854,-122.23767176105545
83,012040408,01204,East Bay,37.84345321334754,-122.26948121061993
84,012040410,01204,East Bay,37.852027593684355,-122.25482396664368
85,012041101,01204,East Bay,37.83645884218002,-122.28564715075261
86,012041103,01204,East Bay,37.83817544057066,-122.26427716146732
87,012041104,01204,East Bay,37.82096127635743,-122.27365028684528
88,012041105,01204,East Bay,37.86292547741194,-122.26186010549628
89,012041106,01204,East Bay,37.863400931354754,-122.29499302062425
90,012041107,01204,East Bay,37.83736476288184,-122.26362969709604
91,012041110,01204,East Bay,37.8370610505456,-122.2617161373229
92,012041111,01204,East Bay,37.853383425044825,-122.28545939545504
93,012041112,01204,East Bay,37.86319578418148,-122.23589080474103
94,012041115,01204,East Bay,37.84303605582059,-122.26154719324701
95,012041116,01204,East Bay,37.847993556465326,-122.29510435274858
96,012041117,01204,East Bay,37.83674465376403,-122.26413971733952
97,012041130,01204,East Bay,37.850276200100886,-122.27928167779112
98,012041131,01204,East Bay,37.831433587659504,-122.24725424627644
99,012041132,01204,East Bay,37.827091797559326,-122.26927210077712
100,012041133,01204,East Bay,37.84140067929776,-122.25439151844523
101,012041134,01204,East Bay,37.8543149229874,-122.26770082444081
102,012060401,01206,East Bay,37.871935690166346,-122.26927417897437
103,012060402,01206,East Bay,37.87651580298491,-122.256961366513
104,012060403,01206,East Bay,37.878635589260014,-122.26450762352277
105,012060404,01206,East Bay,37.880593495382314,-122.2831445769221
106,012060405,01206,East Bay,37.872211183793254,-122.2754946181238
107,012060406,01206,East Bay,37.87612870528257,-122.29081374208347
108,012060407,01206,East Bay,37.87189633314131,-122.27764440157031
109,012060408,01206,East Bay,37.86869131329013,-122.27401335157325
110,012060409,01206,East Bay,37.865545196817315,-122.2836607059965
111,012060410,01206,East Bay,37.87951421063082,-122.27533514675297
112,012060411,01206,East Bay,37.8814605951196,-122.28394665115522
113,012061102,01206,East Bay,37.87159936391616,-122.27329927599125
114,012061103,01206,East Bay,37.86720792831584,-122.27031611271191
115,012061105,01206,East Bay,37.87386305367717,-122.27553849750889
116,012080401,01208,East Bay,37.75009106835034,-122.18156505274364
117,012080402,01208,East Bay,37.7565760742202,-122.17539212591555
118,012090401,01209,East Bay,37.776554264781275,-122.218540340833
119,012090403,01209,East Bay,37.775229487752554,-122.20728546476663
120,012090408,01209,East Bay,37.77603329943981,-122.21021345462084
121,012090409,01209,East Bay,37.767291179941395,-122.19050008053645
122,012091101,01209,East Bay,37.76231818014913,-122.19951771514768
123,012091102,01209,East Bay,37.78627399493941,-122.21317827199172
124,012091103,01209,East Bay,37.75013980310267,-122.20703689530198
125,012091104,01209,East Bay,37.776230300465905,-122.21757851277111
126,012091105,01209,East Bay,37.77750841128507,-122.19258232536335
127,012091106,01209,East Bay,37.76074513737289,-122.16857093592583
128,012091108,01209,East Bay,37.78493310623812,-122.22744927346625
129,012091109,01209,East Bay,37.768185008091585,-122.2246718437129
130,012091110,01209,East Bay,37.758198917604474,-122.2069706532605
131,012091111,01209,East Bay,37.77188727316854,-122.22660908650809
132,012091112,01209,East Bay,37.775096512185144,-122.24053126113935
133,012091114,01209,East Bay,37.756652848717536,-122.2004273148722
134,012091115,01209,East Bay,37.77829181334509,-122.23590729479282
135,012091115,01209,East Bay,37.78167215693828,-122.23546172637296
136,012091116,01209,East Bay,37.78183528548118,-122.19696908997432
137,012091117,01209,East Bay,37.76866818343351,-122.20030906547971
138,012091118,01209,East Bay,37.755072474655684,-122.16315121592424
139,012101101,01210,East Bay,37.85554084506631,-122.22832083177637
140,012101102,01210,East Bay,37.85076459481361,-122.20223695195865
141,012101103,01210,East Bay,37.842335440682746,-122.2150810741517
142,012101104,01210,East Bay,37.83052267478523,-122.19578110759976
143,012111101,01211,East Bay,37.81383001320705,-122.2808965538558
144,012111102,01211,East Bay,37.807700215172126,-122.2793512687106
145,012111103,01211,East Bay,37.83728070277483,-122.3098124893982
146,012111104,01211,East Bay,37.809445423410445,-122.26683918018323
147,012111105,01211,East Bay,37.81329731130098,-122.26485001548309
148,012111106,01211,East Bay,37.811075605848906,-122.27322646820626
149,012111107,01211,East Bay,37.82297594704792,-122.27782256696791
150,012111108,01211,East Bay,37.79922134409046,-122.26271256132624
151,012111111,01211,East Bay,37.80541515970889,-122.27492705279371
152,012111112,01211,East Bay,37.806525136081035,-122.2653300683636
153,012111113,01211,East Bay,37.80768655843876,-122.27364334904873
154,012111114,01211,East Bay,37.8072999297433,-122.26490467164376
155,012111115,01211,East Bay,37.80909422200973,-122.26357268618928
156,012111116,01211,East Bay,37.81054298625541,-122.27051043418076
157,012141101,01214,Mission,37.66823114561387,-121.78507044045207
158,012141102,01214,Mission,37.677265488142254,-121.77212783531398
159,012141103,01214,Mission,37.676448370923374,-121.73901958399432
160,012141104,01214,Mission,37.695961393986465,-121.80694193919896
161,012160401,01216,Diablo,38.030427191295416,-121.87094048105892
162,012160402,01216,Diablo,38.021864895256506,-121.87593430343324
163,012200403,01220,Diablo,37.9011570773356,-122.06923938583775
164,012200404,01220,Diablo,37.903287908070624,-122.0431489447526
165,012221101,01222,Mission,37.518145009197326,-121.99159885049734
166,012221102,01222,Mission,37.525564189417715,-121.99839244823247
167,012221103,01222,Mission,37.523201505310915,-122.01373404495811
168,012221104,01222,Mission,37.524105687451865,-122.00731264106726
169,012221105,01222,Mission,37.5211424927592,-122.01362899241224
170,012221106,01222,Mission,37.53244908721557,-121.98756337188664
171,012221107,01222,Mission,37.517363742272074,-121.96017931842844
172,012221108,01222,Mission,37.501097836660186,-121.98957474311749
173,012232102,01223,Mission,37.493118541244634,-121.91750048976768
174,012232103,01223,Mission,37.51928631691581,-122.05483777139236
175,012232104,01223,Mission,37.48134612356066,-121.93780266168311
176,012232105,01223,Mission,37.4978565576927,-121.92692827433983
177,012232107,01223,Mission,37.511582513339135,-121.95850032523818
178,012232108,01223,Mission,37.504111128896206,-121.98142625768801
179,012232109,01223,Mission,37.48922697408449,-121.96484881032848
180,012232110,01223,Mission,37.50497085554827,-121.99953707938982
181,012232111,01223,Mission,37.50218877644652,-121.96966046929272
182,012330401,01233,East Bay,37.939658995466964,-122.31703631688916
183,012330403,01233,East Bay,37.938645548363056,-122.32221747342527
184,012501101,01250,East Bay,37.92470413424555,-122.32571449636757
185,012501102,01250,East Bay,37.91544920823112,-122.31039250572236
186,012501103,01250,East Bay,37.870338044965386,-122.29971949624513
187,012501104,01250,East Bay,37.8750352474408,-122.295252218621
188,012501105,01250,East Bay,37.92655572328153,-122.29628313051143
189,012501106,01250,East Bay,37.954227715032985,-122.33178910487337
190,012501107,01250,East Bay,37.89851577895189,-122.31190292945989
191,012501108,01250,East Bay,37.90385929755282,-122.29698953331827
192,012501109,01250,East Bay,37.90139684837905,-122.31002161046408
193,012501110,01250,East Bay,37.87514309078721,-122.29990446049155
194,012501111,01250,East Bay,37.93888825427536,-122.33885928964588
195,012501112,01250,East Bay,37.95601920255866,-122.32454894286387
196,012501113,01250,East Bay,37.88933754844947,-122.2845502238469
197,012501114,01250,East Bay,37.89993805394358,-122.3131301460866
198,012540401,01254,East Bay,37.79533848089286,-122.23472820180261
199,012540402,01254,East Bay,37.82187026387814,-122.22632006493798
200,012541101,01254,East Bay,37.81273243572296,-122.22757702239909
201,012541102,01254,East Bay,37.803764187025855,-122.24925851066614
202,012541103,01254,East Bay,37.80086391116886,-122.25229124742827
203,012541104,01254,East Bay,37.81734040983835,-122.20147529572175
204,012541105,01254,East Bay,37.79621352623252,-122.20107937686362
205,012541106,01254,East Bay,37.80076200007094,-122.1666043317669
206,012541107,01254,East Bay,37.830141449512126,-122.23639720685331
207,012541108,01254,East Bay,37.80503416936653,-122.23145350837483
208,012541109,01254,East Bay,37.793559535990944,-122.2271370837731
209,012541112,01254,East Bay,37.81269626061142,-122.24724273627771
210,012541114,01254,East Bay,37.800635694138165,-122.23080796963849
211,012541115,01254,East Bay,37.8153677224303,-122.24358747573781
212,012600401,01260,East Bay,37.901235736235705,-122.28329465821413
213,012640401,01264,East Bay,37.755930142213955,-122.16144425957043
214,012650401,01265,East Bay,37.9034371398664,-122.29185710839376
215,012650402,01265,East Bay,37.905325224632115,-122.29671812587732
216,012660401,01266,East Bay,37.86188778991626,-122.26236605196588
217,012660402,01266,East Bay,37.855167010765435,-122.26225459203037
218,012660403,01266,East Bay,37.865694989615555,-122.26064663666249
219,012660404,01266,East Bay,37.86321273212309,-122.25963123153356
220,012670401,01267,East Bay,37.80406503988561,-122.24113155761289
221,012690401,01269,East Bay,37.82978033033101,-122.22622307097032
222,012840401,01284,East Bay,37.88731745846899,-122.25569224573776
223,012840402,01284,East Bay,37.8778272906762,-122.26087498162545
224,012960401,01296,Diablo,37.97461093240034,-122.01545193418977
225,012960402,01296,Diablo,37.97678721650419,-122.0125167862389
226,013020401,01302,East Bay,37.940016594066876,-122.35134206513915
227,013020402,01302,East Bay,37.938537270153645,-122.3438327172432
228,013030401,01303,Mission,37.73899151950413,-122.14624875449043
229,013030402,01303,East Bay,37.73279179688832,-122.14169586157574
230,013111101,01311,Mission,37.71370732503611,-122.18601380062222
231,013111102,01311,Mission,37.72199027157047,-122.14835547581062
232,013111103,01311,Mission,37.70867694726917,-122.17140464758405
233,013111104,01311,Mission,37.71641579877873,-122.16521585050108
234,013111105,01311,Mission,37.714892152400175,-122.13795245844908
235,013111106,01311,Mission,37.70657502139352,-122.1864738941443
236,013111107,01311,Mission,37.69769127117992,-122.10539954059414
237,013111108,01311,Mission,37.6993271134306,-122.14925819914585
238,013111109,01311,Mission,37.74537525967458,-122.12553307858933
239,013111110,01311,Mission,37.692107663996715,-122.15021278761748
240,013111111,01311,Mission,37.70176966955629,-122.14098508470595
241,013111112,01311,Mission,37.71615471661164,-122.15520445859438
242,013111113,01311,Mission,37.71992572897007,-122.1644596688687
243,013111114,01311,Mission,37.72455652612967,-122.13142937875594
244,013111115,01311,Mission,37.7080554531706,-122.16094881585732
245,013111116,01311,Mission,37.732194756351475,-122.16586726040306
246,013111151,01311,Mission,37.68471543745168,-122.10550568960825
247,013111151,01311,Mission,37.675199109084296,-122.09244409673894
248,013151101,01315,Mission,37.66005387976234,-121.84825693894325
249,013151102,01315,Mission,37.681130801053726,-121.86787135320498
250,013151105,01315,Mission,37.63009442868401,-121.88665635930411
251,013151105,01315,Mission,37.673344077177795,-121.87291015403224
252,013170401,01317,East Bay,37.8027237857518,-122.21514711870863
253,013180401,01318,East Bay,37.814525327521324,-122.20927995163954
254,013210401,01321,East Bay,37.95668555814658,-122.34633175829255
255,013232101,01323,Diablo,37.96537851157902,-121.7565711047952
256,013232102,01323,Diablo,37.95521145849064,-121.75723463087347
257,013232105,01323,Diablo,37.93995853868768,-121.72958075410975
258,013310401,01331,East Bay,37.848107327758356,-122.27666953539273
259,013310402,01331,East Bay,37.85605035848594,-122.28596403372386
260,013350401,01335,East Bay,37.90955612206622,-122.30660760895978
261,013350402,01335,East Bay,37.913839770547376,-122.29213131981486
262,013380401,01338,East Bay,37.828644608469446,-122.22778955049704
263,013432206,01343,Diablo,37.99345762143893,-122.08362423634358
264,013432207,01343,Diablo,38.052692536473764,-122.21354345213862
265,013432208,01343,Diablo,37.991755254777964,-122.12008438358257
266,013471118,01347,East Bay,37.925562923595564,-122.37001314370293
267,013471119,01347,East Bay,37.936590734862286,-122.3562872138793
268,013471120,01347,East Bay,37.92459114466071,-122.36815645481086
269,013471120,01347,East Bay,37.93413807947747,-122.36476389212051
270,013471121,01347,East Bay,37.925366063775975,-122.37029141395138
271,013471122,01347,East Bay,37.926721233865706,-122.37222998818301
272,013471123,01347,East Bay,37.9204292587122,-122.3774428144516
273,013471124,01347,East Bay,37.9634804069636,-122.36071103957654
274,013471125,01347,East Bay,37.92528826285071,-122.35780272407636
275,013471126,01347,East Bay,37.965179120619254,-122.35840838365883
276,013471127,01347,East Bay,37.956264575491154,-122.4176020783679
277,013471128,01347,East Bay,37.9259758034217,-122.31786485613415
278,013471129,01347,East Bay,37.95990947014192,-122.36381434299426
279,013471130,01347,East Bay,37.9537261862239,-122.34366615268135
280,013480401,01348,Mission,37.72637360884053,-122.1403573347146
281,013501101,01350,Mission,37.63356270597149,-122.05173434777923
282,013501103,01350,Mission,37.60826772753605,-122.0535324057679
283,013501104,01350,Mission,37.61127995167857,-122.03936367697152
284,013501105,01350,Mission,37.562683769192574,-122.00325787654135
285,013501106,01350,Mission,37.59854460200663,-122.0350807821586
286,013501108,01350,Mission,37.61672945971849,-122.0368927531771
287,013501109,01350,Mission,37.602222312235426,-122.04332421993048
288,013501110,01350,Mission,37.59098657399259,-122.0057796860537
289,013501111,01350,Mission,37.58596281193234,-122.0176687299812
290,013501112,01350,Mission,37.58018284895173,-122.03168031294484
291,013520401,01352,East Bay,37.78919482109927,-122.21470138250918
292,013531101,01353,Diablo,37.89660697658046,-122.05835971548936
293,013531102,01353,Diablo,37.923974415679425,-122.07141537702086
294,013531103,01353,Diablo,37.892216090441934,-122.05081208742143
295,013531104,01353,Diablo,37.91435519001788,-122.07804597107109
296,013532107,01353,Diablo,37.93691522638413,-122.10017200883426
297,013532108,01353,Diablo,37.907593148958995,-122.06594815869931
298,013532109,01353,Diablo,37.91259495624881,-122.0475257382561
299,013532110,01353,Diablo,37.8883874452165,-122.01755276145694
300,013532111,01353,Diablo,37.91184013532388,-122.06221350492017
301,013532112,01353,Diablo,37.921601309126885,-122.03763191329115
302,013532223,01353,Diablo,37.89491850756048,-122.07324349799093
303,013532224,01353,Diablo,37.86349248330871,-122.02755162482829
304,013532225,01353,Diablo,37.916157884490744,-122.05813002364356
305,013532226,01353,Diablo,37.89746836672265,-122.0641387181614
306,013532227,01353,Diablo,37.919086563111485,-122.03120259461375
307,013550401,01355,Diablo,37.99145239946845,-122.03522966373724
308,013550402,01355,Diablo,37.98364798437578,-122.03486849877632
309,013560401,01356,Diablo,37.89635630271265,-122.0797533371188
310,013652103,01365,Diablo,38.0154349811303,-121.82522331633852
311,013652104,01365,Diablo,37.986832539936664,-121.84055853834147
312,013652105,01365,Diablo,38.00798167760282,-121.77101070059994
313,013652106,01365,Diablo,37.99814171479705,-121.79395802859361
314,013652107,01365,Diablo,38.0050803970124,-121.72974124051065
315,013652108,01365,Diablo,37.952550756246396,-121.7763226857792
316,013652109,01365,Diablo,37.99189188602656,-121.74706763947648
317,013652110,01365,Diablo,37.9846168633559,-121.78514981204958
318,013652112,01365,Diablo,37.986297875926994,-121.76666432117776
319,013652113,01365,Diablo,37.9880307483955,-121.71781565655571
320,013652114,01365,Diablo,37.98144409968385,-121.79311858408754
321,013652115,01365,Diablo,37.96406921886555,-121.80291097346816
322,013652116,01365,Diablo,38.00009075071654,-121.7948405706847
323,013660402,01366,Mission,37.70167132313866,-122.08315075278239
324,013681101,01368,East Bay,37.75061790204804,-122.17657714327729
325,013681102,01368,East Bay,37.74378128762405,-122.18538172903541
326,013681103,01368,East Bay,37.742884794328106,-122.16859218013353
327,013681105,01368,East Bay,37.743108167058395,-122.20479901316877
328,013681110,01368,East Bay,37.731455958670075,-122.18173263681227
329,013681111,01368,East Bay,37.7282058792441,-122.19548759770149
330,013681112,01368,East Bay,37.75940246155792,-122.1304082648391
331,013681113,01368,East Bay,37.74134256903157,-122.19882499791507
332,013681114,01368,East Bay,37.76406571825097,-122.17640666507054
333,013681114,01368,East Bay,37.76084510673148,-122.18469328794383
334,013681115,01368,East Bay,37.72789110607252,-122.20419289132019
335,013700401,01370,East Bay,37.89452561311086,-122.26265355666
336,013740401,01374,East Bay,37.93166794727709,-122.31112476810611
337,013751101,01375,Mission,37.709533455941546,-121.73267389898237
338,013751102,01375,Mission,37.65041236725216,-121.66011685774791
339,013751103,01375,Mission,37.69569842488183,-121.65945786922056
340,013761101,01376,Mission,37.643425302945424,-122.11718866197722
341,013761102,01376,Mission,37.65302352515679,-122.11959780391956
342,013761103,01376,Mission,37.644842910759024,-122.09164009629245
343,013761104,01376,Mission,37.62351702532546,-122.0698695222798
344,013761105,01376,Mission,37.647115895198866,-122.10243306526489
345,013761106,01376,Mission,37.64699575609672,-122.11610988788064
346,013761107,01376,Mission,37.618670549804,-122.07193676288027
347,013761108,01376,Mission,37.63207558710453,-122.08049275666927
348,013761109,01376,Mission,37.63956387740047,-122.08198444926778
349,013761110,01376,Mission,37.63119880378174,-122.1223497137561
350,013761111,01376,Mission,37.61012513727219,-122.07756450776115
351,013761112,01376,Mission,37.652196451760304,-122.08864585699031
352,013761113,01376,Mission,37.627768107683536,-122.09904076279695
353,013761114,01376,Mission,37.62496997510206,-122.1200654231877
354,013780401,01378,East Bay,37.93988965859921,-122.36476068656279
355,013801101,01380,Diablo,37.87556880653767,-122.183528353124
356,013801102,01380,Diablo,37.85830400677817,-122.16525193800115
357,013801103,01380,Diablo,37.846309176298575,-122.14383904711735
358,013801104,01380,Diablo,37.87496396865517,-122.15975466545224
359,013801105,01380,Diablo,37.83182751104449,-122.12993396958296
360,013840401,01384,East Bay,37.85554468035293,-122.27462737111532
361,013840402,01384,East Bay,37.85367931980159,-122.26688889805634
362,013840403,01384,East Bay,37.86200703901546,-122.27629489958206
363,013840404,01384,East Bay,37.85934945062209,-122.2683079205939
364,013840405,01384,East Bay,37.86076608984736,-122.27172221516938
365,013840406,01384,East Bay,37.85640300276989,-122.25695436515518
366,013850401,01385,Diablo,37.96496078455876,-122.00853116517871
367,013911101,01391,Diablo,38.02462944685988,-121.96155985228548
368,013912107,01391,Diablo,38.02252062184941,-121.9419312053952
369,013912108,01391,Diablo,38.02051402955026,-121.96522962003505
370,013921101,01392,East Bay,38.029221201814146,-122.27317200355469
371,013921102,01392,East Bay,38.00975267040691,-122.27964890064175
372,013921103,01392,East Bay,38.007251049940464,-122.30463459847397
373,013921104,01392,East Bay,38.008029278007044,-122.25438264930327
374,014052101,01405,Mission,37.706055454929924,-121.885978731521
375,014052103,01405,Mission,37.73758293336125,-121.87139629616829
376,014091102,01409,Mission,37.67396415852115,-122.04682058837741
377,014091103,01409,Mission,37.684240540226725,-122.09281595607774
378,014091104,01409,Mission,37.69219816452148,-122.06262247507188
379,014091105,01409,Mission,37.70140076221186,-122.08672876136352
380,014091107,01409,Mission,37.68034555865661,-122.06999403215303
381,014091108,01409,Mission,37.717469905862814,-122.07501733462817
382,014091109,01409,Mission,37.671011877428704,-122.08306386414547
383,014091110,01409,Mission,37.674966867471284,-122.01193945986182
384,014091111,01409,Mission,37.657007702052894,-122.01749588876706
385,014101101,01410,Diablo,37.990609134378715,-122.12581619573425
386,014101102,01410,Diablo,38.00877650990026,-122.11909391439463
387,014101105,01410,Diablo,37.97359058390771,-122.12578481533168
388,014161101,01416,Diablo,37.8682649624914,-122.0871361332863
389,014161102,01416,Diablo,37.86242715645323,-122.06541945377194
390,014161103,01416,Diablo,37.875044827668326,-122.08208965830147
391,014161104,01416,Diablo,37.87999154658063,-122.09757268619569
392,014161105,01416,Diablo,37.879453657845595,-122.0787911902591
393,014161106,01416,Diablo,37.86317629334096,-122.09007187114167
394,014161107,01416,Diablo,37.874440163049144,-122.07104185274135
395,014161108,01416,Diablo,37.85623490289154,-122.1144772490111
396,014161109,01416,Diablo,37.83833345040859,-122.0942604491177
397,014232101,01423,Mission,37.77858551901033,-121.92671879656186
398,014232102,01423,Mission,37.77870275393738,-121.92258107986011
399,014232103,01423,Mission,37.6990372898489,-121.92057783381398
400,014232104,01423,Mission,37.735743694467324,-121.94040866766004
401,014232105,01423,Mission,37.775722524398724,-121.98201614637635
402,014232106,01423,Mission,37.703632726018974,-121.92913307793535
403,014232107,01423,Mission,37.70441516704647,-121.97803179056899
404,014232108,01423,Mission,37.76157804268831,-121.9689187607517
405,014232110,01423,Mission,37.778953301087654,-121.9740132493853
406,014232111,01423,Mission,37.69314745623768,-121.90324526102691
407,014232114,01423,Mission,37.68699371191654,-121.89405137209687
408,014232116,01423,Mission,37.768885089674605,-121.96111307078907
409,014232117,01423,Mission,37.72975452388191,-121.9105630277493
410,014232118,01423,Mission,37.698694066137584,-121.91287563168589
411,014232119,01423,Mission,37.688122733108564,-121.90487322650499
412,014241101,01424,Mission,37.568527306322984,-121.86300460173814
413,014261101,01426,East Bay,38.006434421003824,-122.31817456346036
414,014261101,01426,East Bay,37.995416047316986,-122.30361385235132
415,014261102,01426,East Bay,37.970537258277226,-122.35057699679962
416,014302102,01430,Diablo,37.97409150012292,-122.03922906565786
417,014302103,01430,Diablo,37.93972732421877,-122.05197141779736
418,014302104,01430,Diablo,37.969281996208096,-122.0620502822103
419,014302105,01430,Diablo,37.9487037968315,-122.0501108616764
420,014302106,01430,Diablo,37.95374819464813,-122.09313765710125
421,014302107,01430,Diablo,37.96440498008899,-122.04932733050656
422,014302108,01430,Diablo,37.9600386098255,-122.06539734770209
423,014302109,01430,Diablo,37.97076738823576,-122.0492375984781
424,014302110,01430,Diablo,37.97525297271397,-122.0475741875133
425,014321101,01432,Diablo,37.94906938146958,-121.65929313034376
426,014341103,01434,East Bay,37.96542173822549,-122.306246728037
427,014341105,01434,East Bay,37.97444633480979,-122.28375371362844
428,014341106,01434,East Bay,37.970637421072205,-122.28055359889099
429,014351103,01435,Mission,37.56037903175147,-121.97211294602378
430,014351104,01435,Mission,37.54944570513,-121.93489108001677
431,014351105,01435,Mission,37.54362102482042,-121.97101347809829
432,014351107,01435,Mission,37.550393771513974,-121.99200635041373
433,014351108,01435,Mission,37.551699592855115,-121.97802767882017
434,014351109,01435,Mission,37.530672189459025,-121.93203197483943
435,014351110,01435,Mission,37.52696476947271,-121.95044394317577
436,014351111,01435,Mission,37.54923008903065,-121.97200708785131
437,014351112,01435,Mission,37.55184690431278,-121.97127773027857
438,014371105,01437,East Bay,37.973395931777496,-122.33184962822845
439,014371106,01437,East Bay,37.98679560835664,-122.3384893985658
440,014381102,01438,Mission,37.648268942577104,-122.12233705038848
441,014381103,01438,Mission,37.65671007681682,-122.12981933683581
442,014381104,01438,Mission,37.69094231662412,-122.12392353613949
443,014381105,01438,Mission,37.68448442856866,-122.14428821949933
444,014381106,01438,Mission,37.670047673469746,-122.13949896361795
445,014381107,01438,Mission,37.67495244041698,-122.15845721968932
446,014381108,01438,Mission,37.67319074284528,-122.12052261566693
447,014402103,01440,Mission,37.6891253224721,-121.80810894995518
448,014402104,01440,Mission,37.68374255359222,-121.80186075932761
449,014402105,01440,Mission,37.69593311191952,-121.7008044670833
450,014402106,01440,Mission,37.6879746062306,-121.72309238663357
451,014402107,01440,Mission,37.66141871841208,-121.80394391704684
452,014402108,01440,Mission,37.64740730447397,-121.78571491294223
453,014402109,01440,Mission,37.66085805534517,-121.76802908311757
454,014402110,01440,Mission,37.718773424756634,-121.74383269301524
455,014422109,01442,Mission,37.737950718606974,-121.74994040635713
456,014422111,01442,Mission,37.7074035824355,-121.7991706147023
457,014452103,01445,Diablo,38.01383710809552,-121.90468247668962
458,014452104,01445,Diablo,37.99381820442356,-121.89577272199914
459,014452105,01445,Diablo,37.9985901435894,-121.86364702215701
460,014452106,01445,Diablo,38.02398892761119,-121.87707886379896
461,014452107,01445,Diablo,38.0237914681004,-121.92464053341021
462,014452108,01445,Diablo,38.00339147500082,-121.83906271952448
463,014452109,01445,Diablo,38.00949415147082,-121.83670549517629
464,014471102,01447,Mission,37.565983382078635,-122.06003830966404
465,014471103,01447,Mission,37.56122394689348,-122.05270271792901
466,014471104,01447,Mission,37.530692515470534,-122.03044574698296
467,014471105,01447,Mission,37.55181304085917,-122.06613606182238
468,014471106,01447,Mission,37.566359016208196,-122.0710917485141
469,014471107,01447,Mission,37.55936079258249,-122.00444731809529
470,014471108,01447,Mission,37.57518671546307,-122.06752253254537
471,014471109,01447,Mission,37.608573174892435,-122.06989234111764
472,014471110,01447,Mission,37.55061063834747,-122.06431816230199
473,014471112,01447,Mission,37.55007405606892,-122.0590340409456
474,014472111,01447,Mission,37.52130713674987,-122.10290556195612
475,014502104,01450,Mission,37.68198049585113,-121.8615697974174
476,014502105,01450,Mission,37.669034267372176,-121.86754328636613
477,014502106,01450,Mission,37.67120570057192,-121.90811087599418
478,014502107,01450,Mission,37.652661100429384,-121.85846197126506
479,014502108,01450,Mission,37.669755823729936,-121.91631399118228
480,014502109,01450,Mission,37.67270607921057,-121.8630171224502
481,014502110,01450,Mission,37.710078267519435,-121.86337515846579
482,014592104,01459,Diablo,37.95446882674582,-121.69153629060433
483,014592105,01459,Diablo,37.895201704814156,-121.69652019157508
484,014592106,01459,Diablo,37.925496610473964,-121.69855749972369
485,014592108,01459,Diablo,37.94263878593286,-121.71745151346522
486,014592109,01459,Diablo,37.92773805990688,-121.69049943736582
487,014592110,01459,Diablo,37.91099584066195,-121.6819649414343
488,014592111,01459,Diablo,37.91118627061404,-121.72100808760761
489,014592112,01459,Diablo,37.98736728364365,-121.66828963097323
490,014592113,01459,Diablo,37.90163204270491,-121.60489780207588
491,014652104,01465,Diablo,37.98527714910616,-122.0217389360168
492,014652105,01465,Diablo,37.98027209095629,-122.03781427043005
493,014652106,01465,Diablo,37.96240787769047,-121.86253519388237
494,014652107,01465,Diablo,37.97721705449888,-122.09694794826882
495,014652108,01465,Diablo,37.97575141160103,-122.0310990346848
496,014652109,01465,Diablo,37.962968620894465,-122.01862522326464
497,014652110,01465,Diablo,37.972199433316476,-122.0692146204619
498,014662103,01466,Diablo,37.856692825607475,-121.9737976375084
499,014662104,01466,Diablo,37.80147223499893,-121.8834626250563
500,014662106,01466,Diablo,37.794731921834014,-121.96745016550395
501,014662107,01466,Diablo,37.7927743041737,-121.9241574942272
502,014662108,01466,Diablo,37.82149447708684,-121.99719226316864
503,014662109,01466,Diablo,37.81226746688182,-121.91464077443145
504,014662112,01466,Diablo,37.8297009434618,-121.98350610681642
505,014662113,01466,Diablo,37.76406820643715,-121.97473234948139
506,014662114,01466,Diablo,37.799134053713715,-121.90891816501488
507,014671101,01467,Diablo,37.89819449947104,-122.17010050878834
508,014671102,01467,Diablo,37.91320854234313,-122.16270535774736
509,014671103,01467,Diablo,37.898142481159034,-122.1729265807689
510,014692101,01469,Mission,37.81497766665213,-121.98160881534284
511,014692102,01469,Mission,37.82120962299877,-122.00077424641465
512,014722101,01472,Mission,37.45187080666614,-121.91079783726269
513,014722102,01472,Mission,37.42781558357784,-121.9145635985336
514,014722103,01472,Mission,37.42723246021314,-121.9244677720595
515,014722105,01472,Mission,37.46636437035191,-121.93502026067787
516,014722106,01472,Mission,37.46951703966938,-121.92802802466524
517,014722107,01472,Mission,37.46628922496217,-121.92705072302368
518,014722109,01472,Mission,37.47373086050389,-121.90056790458637
519,014722111,01472,Mission,37.47066673384429,-121.93088050295118
520,018120401,01812,Diablo,38.01983750732645,-121.61931505494688
521,018150401,01815,Diablo,38.01936914337883,-121.62843820985854
522,018320401,01832,Diablo,38.03503535186093,-121.67386220021942
523,022010401,02201,San Francisco,37.775930833293785,-122.42956215024321
524,022010402,02201,San Francisco,37.78633513181715,-122.41981722015329
525,022011101,02201,San Francisco,37.77752009370626,-122.41319011993644
526,022011102,02201,San Francisco,37.779648973304106,-122.40430613151634
527,022011104,02201,San Francisco,37.78433977512665,-122.41754024608197
528,022011105,02201,San Francisco,37.77597903561944,-122.41815460820764
529,022011106,02201,San Francisco,37.776824491604955,-122.41725115946218
530,022011107,02201,San Francisco,37.777978897428476,-122.40951549725882
531,022011108,02201,San Francisco,37.77451914111232,-122.42662494485889
532,022011109,02201,San Francisco,37.7737090137831,-122.421015781906
533,022011110,02201,San Francisco,37.761932297741794,-122.47367081465147
534,022011111,02201,San Francisco,37.78104882440634,-122.40890597304347
535,022011112,02201,San Francisco,37.778072338329,-122.4154371810999
536,022011113,02201,San Francisco,37.76998684610101,-122.4469005988846
537,022011114,02201,San Francisco,37.7783795231871,-122.41904069115567
538,022011115,02201,San Francisco,37.77590190671531,-122.41683174123382
539,022011116,02201,San Francisco,37.7801616339856,-122.42777081605304
540,022011117,02201,San Francisco,37.78299946377371,-122.41413872366445
541,022011118,02201,San Francisco,37.76955909478787,-122.4290485887645
542,022011120,02201,San Francisco,37.79359982077307,-122.41172486470904
543,022011121,02201,San Francisco,37.77755285064031,-122.4179436122466
544,022011123,02201,San Francisco,37.780485082686276,-122.40928831274992
545,022011124,02201,San Francisco,37.76656483084824,-122.41535201593639
546,022011125,02201,San Francisco,37.772734020997326,-122.42219969612557
547,022011127,02201,San Francisco,37.77483865701021,-122.41001160838572
548,022011128,02201,San Francisco,37.778599990206565,-122.41479867753495
549,022011129,02201,San Francisco,37.774926650067805,-122.41297546201142
550,022011153,02201,San Francisco,37.78150859581543,-122.40814183135151
551,022011154,02201,San Francisco,37.77510050940969,-122.40400124687378
552,022011160,02201,San Francisco,37.787743987159864,-122.4009070568333
553,022011162,02201,San Francisco,37.7851202815553,-122.40659550133324
554,022031101,02203,San Francisco,37.742734084201125,-122.39636094906602
555,022031102,02203,San Francisco,37.76596119433508,-122.3880178134372
556,022031103,02203,San Francisco,37.75180337132359,-122.3877736150428
557,022031104,02203,San Francisco,37.77431613583088,-122.38351333779978
558,022031105,02203,San Francisco,37.75546285615675,-122.38570310578133
559,022031106,02203,San Francisco,37.75930564908346,-122.38749237906833
560,022031107,02203,San Francisco,37.75470981289978,-122.39814429871849
561,022031108,02203,San Francisco,37.76894227881138,-122.40191522500092
562,022031109,02203,San Francisco,37.755308805887786,-122.3890248673734
563,022031110,02203,San Francisco,37.75702309755265,-122.41801200315172
564,022031111,02203,San Francisco,37.761231178987586,-122.38865423352254
565,022031112,02203,San Francisco,37.76807524201996,-122.39673612456208
566,022031113,02203,San Francisco,37.76534257871769,-122.38903876861961
567,022031114,02203,San Francisco,37.76879752914758,-122.39773920379864
568,022031115,02203,San Francisco,37.7644482243624,-122.38829820395587
569,022031116,02203,San Francisco,37.75788359606,-122.38810768319182
570,022031117,02203,San Francisco,37.751679542626526,-122.43648473989403
571,022031118,02203,San Francisco,37.764398959884474,-122.38970127455862
572,022031119,02203,San Francisco,37.76156238952768,-122.39160810720702
573,022031121,02203,San Francisco,37.7557926182647,-122.3826311621433
574,022070401,02207,San Francisco,37.75922739400949,-122.40831770243446
575,022070405,02207,San Francisco,37.74980729780005,-122.41940856196116
576,022070406,02207,San Francisco,37.763340905406196,-122.43290413454062
577,022070407,02207,San Francisco,37.76771752167349,-122.42814514464864
578,022070408,02207,San Francisco,37.75249617941964,-122.40923940922751
579,022070409,02207,San Francisco,37.76987283321543,-122.39906766807347
580,022070410,02207,San Francisco,37.74679158376859,-122.41909317646225
581,022071101,02207,San Francisco,37.75574366357852,-122.4257252923825
582,022071103,02207,San Francisco,37.756657352330755,-122.45093344679981
583,022071105,02207,San Francisco,37.76634429145845,-122.44883970784574
584,022071107,02207,San Francisco,37.74968861576803,-122.45115019690859
585,022090401,02209,San Francisco,37.78451024090642,-122.44152811723741
586,022090402,02209,San Francisco,37.77580411544823,-122.43960026874473
587,022090403,02209,San Francisco,37.78160731091951,-122.45343951860718
588,022090404,02209,San Francisco,37.77814817565869,-122.45025295150145
589,022090405,02209,San Francisco,37.77297791323966,-122.43810141952653
590,022090406,02209,San Francisco,37.77628132602985,-122.45322080710994
591,022090407,02209,San Francisco,37.77643908440244,-122.44497645152887
592,022090408,02209,San Francisco,37.781387661344354,-122.43742987329165
593,022090409,02209,San Francisco,37.78393569131699,-122.44335755212998
594,022090410,02209,San Francisco,37.786219985685776,-122.43826544862999
595,022090411,02209,San Francisco,37.786645707520464,-122.42902744321069
596,022090412,02209,San Francisco,37.7908237598902,-122.44114541960724
597,022090413,02209,San Francisco,37.76622928314403,-122.43544150516502
598,022090414,02209,San Francisco,37.78440154874882,-122.43906341159565
599,022091101,02209,San Francisco,37.78264112205575,-122.43768304366307
600,022091102,02209,San Francisco,37.78037734118351,-122.45186352917669
601,022100401,02210,Peninsula,37.72039558077187,-122.43452335027389
602,022100402,02210,Peninsula,37.7125281029287,-122.43324547441037
603,022100403,02210,Peninsula,37.70595561021246,-122.40950880054591
604,022100404,02210,Peninsula,37.71643384488696,-122.40046184218838
605,022100405,02210,Peninsula,37.721356181422635,-122.41201494153728
606,022101101,02210,Peninsula,37.696330072745276,-122.40627874477215
607,022101102,02210,Peninsula,37.708763467185946,-122.42129707887605
608,022101103,02210,Peninsula,37.70833177553142,-122.39794970028906
609,022101104,02210,Peninsula,37.73437174495163,-122.48434136314874
610,022101105,02210,Peninsula,37.706559274037595,-122.4407472881769
611,022101105,02210,Peninsula,37.71143558196878,-122.44654071406327
612,022101106,02210,Peninsula,37.70841021002559,-122.41243683286832
613,022101107,02210,Peninsula,37.717940473556666,-122.44034146948253
614,022101108,02210,Peninsula,37.72381951826602,-122.43282903700863
615,022101109,02210,Peninsula,37.73756449075242,-122.42747673257496
616,022101110,02210,Peninsula,37.68101467677382,-122.40360219886821
617,022101111,02210,Peninsula,37.70506070218313,-122.40922975893818
618,022130401,02213,San Francisco,37.776611523928416,-122.46924755299369
619,022130402,02213,San Francisco,37.77903486776138,-122.50451401964736
620,022130403,02213,San Francisco,37.79152950552041,-122.4795439133496
621,022130404,02213,San Francisco,37.77627823803541,-122.4871661075319
622,022130405,02213,San Francisco,37.77652345126601,-122.48178940449861
623,022130406,02213,San Francisco,37.782344750701114,-122.47579479722845
624,022130407,02213,San Francisco,37.77007515078224,-122.4797216794928
625,022130408,02213,San Francisco,37.78375637656262,-122.48598841031504
626,022130409,02213,San Francisco,37.778531701621,-122.49528501043437
627,022130410,02213,San Francisco,37.77622948223595,-122.46082516086263
628,022130411,02213,San Francisco,37.77470835002417,-122.50595439412555
629,022131101,02213,San Francisco,37.77412001611522,-122.49341964832082
630,022220402,02222,San Francisco,37.79316870859826,-122.40774211037852
631,022220403,02222,San Francisco,37.78928300928596,-122.41712068541551
632,022220404,02222,San Francisco,37.79511416388818,-122.41140682305834
633,022220406,02222,San Francisco,37.79759922811227,-122.40846111550074
634,022220407,02222,San Francisco,37.7935744155222,-122.40613572552076
635,022220409,02222,San Francisco,37.8009834397142,-122.4027600928118
636,022221101,02222,San Francisco,37.79678028531662,-122.39716830209974
637,022221102,02222,San Francisco,37.79695663326346,-122.3995312100807
638,022221103,02222,San Francisco,37.79510910884205,-122.40165146796996
639,022221104,02222,San Francisco,37.79509287792885,-122.40320151425686
640,022221105,02222,San Francisco,37.79264261431596,-122.40109818625156
641,022221106,02222,San Francisco,37.795756446772664,-122.40179216920724
642,022221108,02222,San Francisco,37.79147278077354,-122.40573430806677
643,022260401,02226,Peninsula,37.73022096752397,-122.46962800427632
644,022260402,02226,Peninsula,37.719886274022954,-122.48423124247857
645,022260403,02226,Peninsula,37.719429531102556,-122.47401029030672
646,022260404,02226,Peninsula,37.73696983199137,-122.46691155355772
647,022260405,02226,Peninsula,37.73454555123314,-122.47452030529062
648,022260406,02226,Peninsula,37.73465721554924,-122.47805943217422
649,022260407,02226,Peninsula,37.726928575961935,-122.48105204851234
650,022260408,02226,Peninsula,37.73873360301487,-122.4722823124482
651,022260409,02226,Peninsula,37.731069220584,-122.4731027132937
652,022261101,02226,Peninsula,37.742946680088764,-122.47997987722516
653,022261102,02226,Peninsula,37.752832181365065,-122.50598877759165
654,022261103,02226,Peninsula,37.72298706652276,-122.45274048810008
655,022270401,02227,Peninsula,37.73106023318458,-122.42950663546426
656,022270402,02227,Peninsula,37.742213287417705,-122.42588813606636
657,022270403,02227,Peninsula,37.73304366649249,-122.44473692338173
658,022270404,02227,Peninsula,37.71988751695688,-122.44123882984609
659,022270405,02227,Peninsula,37.7335155240248,-122.4275590378977
660,022270406,02227,Peninsula,37.73829139343227,-122.42880239725422
661,022280401,02228,San Francisco,37.76061750629754,-122.48240610262629
662,022280402,02228,San Francisco,37.761662776960016,-122.46622218219447
663,022280403,02228,San Francisco,37.74741750266548,-122.45973486378742
664,022280405,02228,San Francisco,37.76574590780657,-122.46547131221948
665,022280406,02228,San Francisco,37.75349136061491,-122.45952125289311
666,022280408,02228,San Francisco,37.75831542562549,-122.46684758416387
667,022281101,02228,San Francisco,37.76014256809491,-122.46277771271546
668,022281102,02228,San Francisco,37.77822830572968,-122.4851598035145
669,022331101,02233,San Francisco,37.74722408713412,-122.39700172930858
670,022331102,02233,San Francisco,37.74043689709376,-122.38713014182106
671,022331103,02233,San Francisco,37.73381957018176,-122.38430589689438
672,022331104,02233,San Francisco,37.72151007187556,-122.36627310507208
673,022331105,02233,San Francisco,37.72713075139577,-122.38030590271951
674,022331106,02233,San Francisco,37.746196136073,-122.38453354242058
675,022331107,02233,San Francisco,37.75430501223005,-122.40605206493085
676,022331108,02233,San Francisco,37.74149145968091,-122.41379203915311
677,022340402,02234,San Francisco,37.80173373788242,-122.41459643090008
678,022390401,02239,San Francisco,37.76111780772182,-122.4371473670808
679,022390402,02239,San Francisco,37.758940700511985,-122.45138591945195
680,022400401,02240,San Francisco,37.757060927251814,-122.49952575014031
681,022400402,02240,San Francisco,37.76277478362218,-122.49722100808094
682,022440401,02244,Peninsula,37.66543698048498,-122.42807555502276
683,022440402,02244,Peninsula,37.65090780953193,-122.42884846569
684,022470401,02247,Peninsula,37.71154632163723,-122.44598731690996
685,022470402,02247,Peninsula,37.7051366388436,-122.45920406431738
686,022480401,02248,San Francisco,37.75588371603702,-122.43689533058658
687,022480402,02248,San Francisco,37.73746342035286,-122.44068691971611
688,022490401,02249,San Francisco,37.729819606735695,-122.39638504100037
689,022490402,02249,San Francisco,37.73215554721711,-122.39996041356304
690,022500401,02250,Peninsula,37.74456651529973,-122.49613038304237
691,022500402,02250,Peninsula,37.73567479254512,-122.49095549401011
692,022500403,02250,Peninsula,37.75029971070439,-122.48793007960228
693,022510401,02251,Peninsula,37.76077535938508,-122.50156277323111
694,022510402,02251,Peninsula,37.75123817159322,-122.50433333577105
695,022530401,02253,San Francisco,37.78144323751351,-122.46120163249903
696,022530402,02253,San Francisco,37.78628334653323,-122.47470309840905
697,022530403,02253,San Francisco,37.784549640555554,-122.46845380279633
698,022550401,02255,Peninsula,37.75396077839983,-122.4803739853272
699,022550402,02255,San Francisco,37.752653985791106,-122.47153018508077
700,022550403,02255,Peninsula,37.74859224838066,-122.47529041125932
701,022570401,02257,Peninsula,37.65670746461767,-122.41967499484173
702,022570404,02257,Peninsula,37.65381517085478,-122.41314723916238
703,022571101,02257,Peninsula,37.65644849707551,-122.4346756518609
704,022571102,02257,Peninsula,37.6585821176296,-122.38880257331184
705,022571103,02257,Peninsula,37.65291246128459,-122.39750987686675
706,022571104,02257,Peninsula,37.66247106178942,-122.44069250576472
707,022571105,02257,Peninsula,37.649111642415484,-122.42076792681033
708,022571106,02257,Peninsula,37.66422201349307,-122.39319829772563
709,022571107,02257,Peninsula,37.630623228808446,-122.41403175518408
710,022571108,02257,Peninsula,37.6492274341435,-122.40373698126912
711,022571109,02257,Peninsula,37.657197793775815,-122.40131107588327
712,022571110,02257,Peninsula,37.648425313196554,-122.41242450166239
713,022571111,02257,Peninsula,37.655504212005916,-122.38499635121902
714,022571112,02257,Peninsula,37.65704050604856,-122.40024698000282
715,022571113,02257,Peninsula,37.656845894170424,-122.38086972887888
716,022571114,02257,Peninsula,37.654852863253275,-122.38982586326192
717,022571115,02257,Peninsula,37.65425997905292,-122.40224228381764
718,022571116,02257,Peninsula,37.66288714735415,-122.39827020082065
719,022580401,02258,Peninsula,37.730955314864026,-122.45364213234959
720,022580402,02258,Peninsula,37.72358214022535,-122.4610843955062
721,022590401,02259,Peninsula,37.71746178890309,-122.47739238019051
722,022590402,02259,Peninsula,37.713099359878825,-122.4604935843319
723,022590403,02259,Peninsula,37.721709645087905,-122.46237708479221
724,022600401,02260,Peninsula,37.70086926330271,-122.4808283191949
725,022600403,02260,Peninsula,37.70602872353775,-122.47335949371306
726,022610401,02261,San Francisco,37.746286887053195,-122.44583957146611
727,022610402,02261,San Francisco,37.74541801650276,-122.45456998813556
728,022640401,02264,Peninsula,37.69447339365278,-122.47650188294323
729,022641101,02264,Peninsula,37.713257020096286,-122.47384274011354
730,022641102,02264,Peninsula,37.69927182376334,-122.48337491296226
731,022641103,02264,Peninsula,37.6916939402622,-122.46304025917146
732,022641104,02264,Peninsula,37.68369408148648,-122.4753954295331
733,022641105,02264,Peninsula,37.66809794296153,-122.45415786082668
734,022641106,02264,Peninsula,37.7096041064457,-122.48382554716555
735,022641107,02264,Peninsula,37.704917257197586,-122.46654159269738
736,022641108,02264,Peninsula,37.67296912614316,-122.47648486812638
737,022641109,02264,Peninsula,37.70674815284381,-122.4604173221187
738,022641110,02264,Peninsula,37.674968432694044,-122.4609074154445
739,022641111,02264,Peninsula,37.72946418532195,-122.47839311059198
740,022641112,02264,Peninsula,37.685469983475734,-122.479571181235
741,022641115,02264,Peninsula,37.6918386678826,-122.4564450666717
742,022670401,02267,Peninsula,37.72875411494188,-122.419848878333
743,022680401,02268,Peninsula,37.71978620560288,-122.45604984335012
744,022690401,02269,Peninsula,37.59420206346007,-122.40925396723408
745,022690403,02269,Peninsula,37.60784061085845,-122.40824263858165
746,022690404,02269,Peninsula,37.600043227792185,-122.39003995290659
747,022691101,02269,Peninsula,37.599361714327166,-122.38312234571538
748,022691102,02269,Peninsula,37.592680603595866,-122.38754552169753
749,022691104,02269,Peninsula,37.604052877379026,-122.42541168105072
750,022691106,02269,Peninsula,37.602446936126945,-122.37551649499245
751,022691107,02269,Peninsula,37.59228863965236,-122.38132727717193
752,022691108,02269,Peninsula,37.6122364697043,-122.4079419533009
753,022700401,02270,Peninsula,37.61791539005146,-122.4098158751903
754,022700402,02270,Peninsula,37.622791178425736,-122.42679600838305
755,022700403,02270,Peninsula,37.62041112687705,-122.42184213472453
756,022721101,02272,Peninsula,37.616133377727756,-122.43280695035358
757,022721102,02272,Peninsula,37.64047658186092,-122.46193589532396
758,022721106,02272,Peninsula,37.63114438356956,-122.45133001412317
759,022780401,02278,San Francisco,37.795655402924865,-122.43190983650416
760,022780402,02278,San Francisco,37.801476001713844,-122.43922699658339
761,022780403,02278,San Francisco,37.80459296237574,-122.43534070617537
762,022780404,02278,San Francisco,37.80327159821323,-122.43332199974026
763,022780405,02278,San Francisco,37.79744221385232,-122.42548556334815
764,022780407,02278,San Francisco,37.799417640908146,-122.42536965615075
765,022780408,02278,San Francisco,37.79858725665286,-122.43570539712694
766,022781101,02278,San Francisco,37.80201651353723,-122.43642838830834
767,022781102,02278,San Francisco,37.80465634017126,-122.45353380131112
768,022781103,02278,San Francisco,37.79661379781525,-122.43218512725792
769,022781201,02278,San Francisco,37.80322044475052,-122.4323133695447
770,022801101,02280,San Francisco,37.79238491965513,-122.41422373009136
771,022801102,02280,San Francisco,37.786311093309166,-122.41620950222533
772,022801103,02280,San Francisco,37.78360141090682,-122.41468421188168
773,022801104,02280,San Francisco,37.78453614698131,-122.41522814915947
774,022801105,02280,San Francisco,37.792169352174135,-122.40807496866962
775,022801106,02280,San Francisco,37.78568836992662,-122.41634128896635
776,022801107,02280,San Francisco,37.78289457004948,-122.4647223127722
777,022801108,02280,San Francisco,37.781106165881766,-122.41979416656956
778,022801109,02280,San Francisco,37.79122785978105,-122.42415299539186
779,022801110,02280,San Francisco,37.79306869562606,-122.42308139372406
780,022801111,02280,San Francisco,37.78507617795635,-122.41868417692442
781,022801112,02280,San Francisco,37.79182395538651,-122.40336415586559
782,022801113,02280,San Francisco,37.789314741929395,-122.40528915793077
783,022801114,02280,San Francisco,37.791808864387804,-122.40284256830465
784,022801115,02280,San Francisco,37.788602790950684,-122.40622686444893
785,022801116,02280,San Francisco,37.786685451579984,-122.41147150366095
786,022801117,02280,San Francisco,37.792183033418,-122.40408516529011
787,022801119,02280,San Francisco,37.804038399647816,-122.40511067020529
788,022801120,02280,San Francisco,37.78889145652115,-122.42701787208276
789,022801121,02280,San Francisco,37.78437178113933,-122.41711716997428
790,022801122,02280,San Francisco,37.78775248203265,-122.40470287711364
791,022801123,02280,San Francisco,37.78913568983504,-122.4037185189998
792,022801124,02280,San Francisco,37.79134945376224,-122.40643133690993
793,022801125,02280,San Francisco,37.78973010272364,-122.4054947548568
794,022801126,02280,San Francisco,37.78822430735576,-122.41632376519114
795,022801127,02280,San Francisco,37.806152559261996,-122.42380184390903
796,022801128,02280,San Francisco,37.7923295747119,-122.4310994396428
797,022801129,02280,San Francisco,37.78654524760267,-122.41818531275024
798,022801130,02280,San Francisco,37.78817934416469,-122.4089545791911
799,022801131,02280,San Francisco,37.788795914229766,-122.41216832559935
800,022801132,02280,San Francisco,37.78529829926309,-122.41628043060054
801,022801133,02280,San Francisco,37.7835191796672,-122.41609687479288
802,022801134,02280,San Francisco,37.79427292169845,-122.39778662272136
803,022801135,02280,San Francisco,37.786395483525354,-122.45369829111979
804,022801136,02280,San Francisco,37.78456286653116,-122.4177584222206
805,022801137,02280,San Francisco,37.78661142509674,-122.43178352139435
806,022801138,02280,San Francisco,37.78264354755187,-122.42257348074823
807,022801140,02280,San Francisco,37.78847952961515,-122.43216606054077
808,022801141,02280,San Francisco,37.80061889677932,-122.44478126245619
809,022811101,02281,Peninsula,37.596873407528214,-122.48234391331225
810,022811102,02281,Peninsula,37.59874610699108,-122.49865074106098
811,022811103,02281,Peninsula,37.5816305787379,-122.47666478132746
812,022811104,02281,Peninsula,37.59368492756881,-122.50855038387206
813,022850402,02285,Peninsula,37.6886780866703,-122.48459580969552
814,022861103,02286,Peninsula,37.65957878393206,-122.44990906058358
815,022861104,02286,Peninsula,37.64917289121312,-122.45368222114905
816,022871102,02287,San Francisco,37.79290371160097,-122.39654071598069
817,022871103,02287,San Francisco,37.791507437384546,-122.39633888824383
818,022871106,02287,San Francisco,37.789502600455535,-122.39909470632995
819,022871107,02287,San Francisco,37.79373785634226,-122.39558432303137
820,022871110,02287,San Francisco,37.78802095799899,-122.39977900059142
821,022871111,02287,San Francisco,37.788658488562,-122.39904829061666
822,022871112,02287,San Francisco,37.799269279353695,-122.40319012194443
823,022871113,02287,San Francisco,37.80097675169868,-122.40158041034962
824,022871114,02287,San Francisco,37.79438916717969,-122.39902982562421
825,022871115,02287,San Francisco,37.77778294019904,-122.40949787152779
826,022871116,02287,San Francisco,37.78801003996938,-122.39063679784839
827,022871117,02287,San Francisco,37.775146775417554,-122.39423385961001
828,022871118,02287,San Francisco,37.788045693600985,-122.39337222252091
829,022871119,02287,San Francisco,37.77844594892393,-122.39447669280871
830,022871120,02287,San Francisco,37.79018481662646,-122.38884202721037
831,022871121,02287,San Francisco,37.789277854223265,-122.39189474099008
832,022871122,02287,San Francisco,37.78762701713635,-122.39421998620925
833,022871123,02287,San Francisco,37.799127216257176,-122.40572445364107
834,022873401,02287,San Francisco,37.792623182571184,-122.39424661117823
835,022873403,02287,San Francisco,37.78922486861622,-122.39687305491479
836,022873404,02287,San Francisco,37.791333490314166,-122.39782469858002
837,022873405,02287,San Francisco,37.791445104271325,-122.39788651019042
838,022873406,02287,San Francisco,37.78467803643778,-122.39772062121206
839,022873407,02287,San Francisco,37.78822801585097,-122.39967073171476
840,022873408,02287,San Francisco,37.79137930742453,-122.39439020329225
841,022873409,02287,San Francisco,37.790706225235645,-122.39626928708104
842,022873410,02287,San Francisco,37.79017327041403,-122.40023710688268
843,024011102,02401,Peninsula,37.54142573266746,-122.29003088551865
844,024011103,02401,Peninsula,37.542695098247314,-122.28072228968816
845,024011104,02401,Peninsula,37.56361891386053,-122.31520101532347
846,024011105,02401,Peninsula,37.548208079065176,-122.2948385535544
847,024011106,02401,Peninsula,37.56542269308686,-122.25263429660752
848,024011107,02401,Peninsula,37.55497431616654,-122.30259779317952
849,024011108,02401,Peninsula,37.55017749529125,-122.2547467294598
850,024012101,02401,Peninsula,37.56687516023493,-122.31685172927004
851,024012102,02401,Peninsula,37.55456099001206,-122.29849327074062
852,024012103,02401,Peninsula,37.55457649659854,-122.2912412093536
853,024012104,02401,Peninsula,37.54628363282835,-122.29547276604482
854,024012105,02401,Peninsula,37.55914427460566,-122.28114018304181
855,024012106,02401,Peninsula,37.559103254417884,-122.2775347408093
856,024020401,02402,Peninsula,37.45786403389239,-122.16143226486376
857,024020402,02402,Peninsula,37.47395642139054,-122.15745416402669
858,024020403,02402,Peninsula,37.46078315529409,-122.13269522952012
859,024020404,02402,Peninsula,37.46697830924503,-122.19288848634827
860,024020405,02402,Peninsula,37.46445602713778,-122.16996968218989
861,024020406,02402,Peninsula,37.484259104191416,-122.19008675717195
862,024020407,02402,Peninsula,37.47415072322275,-122.17294764707324
863,024020408,02402,Peninsula,37.46164152516078,-122.16100596440096
864,024020409,02402,Peninsula,37.460719167749154,-122.13658828825774
865,024021101,02402,Peninsula,37.479399362418,-122.18137915513582
866,024021102,02402,Peninsula,37.488258974671865,-122.14026347102181
867,024021103,02402,Peninsula,37.48266418104005,-122.1759887347154
868,024021104,02402,Peninsula,37.471475408030024,-122.13412197619057
869,024021105,02402,Peninsula,37.47021732587088,-122.13423845388066
870,024021106,02402,Peninsula,37.469936163201375,-122.21130910910014
871,024021107,02402,Peninsula,37.48401072127852,-122.14745770785188
872,024030401,02403,Peninsula,37.514565384026334,-122.26744413269246
873,024030402,02403,Peninsula,37.529374380334154,-122.29727250034499
874,024030403,02403,Peninsula,37.53446238152949,-122.29388620989607
875,024030406,02403,Peninsula,37.516011731860836,-122.29602390084183
876,024031101,02403,Peninsula,37.537756126341584,-122.24454096948132
877,024031102,02403,Peninsula,37.53595756603358,-122.2891186716715
878,024031103,02403,Peninsula,37.511938551808974,-122.27848840181937
879,024031104,02403,Peninsula,37.51562731136383,-122.26467080720289
880,024031105,02403,Peninsula,37.53984561969843,-122.26109779556445
881,024031106,02403,Peninsula,37.511498262129486,-122.25704630491943
882,024031107,02403,Peninsula,37.517049489660025,-122.25242689835859
883,024031108,02403,Peninsula,37.52825019819727,-122.26792578631328
884,024031109,02403,Peninsula,37.54408631997204,-122.23721499332326
885,024031110,02403,Peninsula,37.52686048696397,-122.29147978524622
886,024031111,02403,Peninsula,37.530996496781405,-122.2572948198672
887,024040401,02404,Peninsula,37.567499568060406,-122.32173996248227
888,024040402,02404,Peninsula,37.55950865148171,-122.3353484765689
889,024040403,02404,Peninsula,37.554184363109755,-122.3324681972215
890,024040404,02404,Peninsula,37.55289316424233,-122.32730112554823
891,024050401,02405,Peninsula,37.58075333876271,-122.36353670799197
892,024050402,02405,Peninsula,37.580687524642705,-122.37727967514739
893,024050403,02405,Peninsula,37.586108547438194,-122.35691593736685
894,024050404,02405,Peninsula,37.58080920964796,-122.3545898144167
895,024050405,02405,Peninsula,37.58291606322075,-122.364978533316
896,024052101,02405,Peninsula,37.58417711383373,-122.37700217023264
897,024060401,02406,Peninsula,37.566868581613,-122.35919796290385
898,024060402,02406,Peninsula,37.55154570022413,-122.37550862952082
899,024060403,02406,Peninsula,37.574030276593405,-122.38461214905803
900,024060404,02406,Peninsula,37.54568213997032,-122.36613066741837
901,024080401,02408,Peninsula,37.45542760382013,-122.30697721319302
902,024080402,02408,Peninsula,37.473836939972564,-122.27538480175315
903,024090404,02409,Peninsula,37.45496209508508,-122.19553747822123
904,024090405,02409,Peninsula,37.44863952731706,-122.18692476082579
905,024090406,02409,Peninsula,37.451363253608754,-122.1748128046293
906,024091101,02409,Peninsula,37.467446165002144,-122.18750130268674
907,024091102,02409,Peninsula,37.44707335875736,-122.1801113364449
908,024101101,02410,Peninsula,37.494681169988674,-122.38204957127643
909,024101102,02410,Peninsula,37.52878844083932,-122.50878328563746
910,024101103,02410,Peninsula,37.203909137099046,-122.40129888618748
911,024110401,02411,Peninsula,37.52633122642759,-122.3081400415397
912,024110402,02411,Peninsula,37.53327630124566,-122.29712428511564
913,024110403,02411,Peninsula,37.538788256936165,-122.30400187963659
914,024110404,02411,Peninsula,37.53411909509688,-122.31835277405365
915,024110405,02411,Peninsula,37.542553347256614,-122.31530449591959
916,024120401,02412,Peninsula,37.468660220819345,-122.24651009353983
917,024120402,02412,Peninsula,37.46708330538993,-122.22676824174503
918,024120403,02412,Peninsula,37.45937680789942,-122.21808870188256
919,024120404,02412,Peninsula,37.47372896342398,-122.22624916304117
920,024130401,02413,Peninsula,37.431547814061965,-122.19306837784063
921,024130402,02413,Peninsula,37.45178795078106,-122.2138204599114
922,024130403,02413,Peninsula,37.439533261611146,-122.19451443061547
923,024130404,02413,Peninsula,37.447482571223766,-122.19838583139013
924,024131101,02413,Peninsula,37.42239396695611,-122.20728728439532
925,024131102,02413,Peninsula,37.38919977260949,-122.19137336268487
926,024131103,02413,Peninsula,37.3882578186396,-122.15926768397219
927,024131104,02413,Peninsula,37.43370505335739,-122.21125799309219
928,024141101,02414,Peninsula,37.525058069660744,-122.3517717499749
929,024141102,02414,Peninsula,37.50222473043435,-122.30741812847307
930,024160402,02416,Peninsula,37.48451956559048,-122.2252252246224
931,024160403,02416,Peninsula,37.47100162348799,-122.23573198152727
932,024160404,02416,Peninsula,37.48944739124096,-122.23966037096136
933,024160405,02416,Peninsula,37.47493383189959,-122.2268063677828
934,024160406,02416,Peninsula,37.47433774775833,-122.22144114904708
935,024160408,02416,Peninsula,37.49015740001697,-122.21185047189418
936,024160409,02416,Peninsula,37.47838124380129,-122.20838110966437
937,024160410,02416,Peninsula,37.48260116935099,-122.19485356178325
938,024161101,02416,Peninsula,37.48894991500015,-122.21536016023103
939,024161102,02416,Peninsula,37.4866127475701,-122.20462706876846
940,024161103,02416,Peninsula,37.48744560869372,-122.23102889541528
941,024161104,02416,Peninsula,37.48384337355334,-122.22562156989797
942,024161105,02416,Peninsula,37.4870478740501,-122.17795168722618
943,024180401,02418,Peninsula,37.506681767967834,-122.25317943258707
944,024180402,02418,Peninsula,37.50081620012421,-122.25774120790896
945,024180403,02418,Peninsula,37.491761458989814,-122.25500833018133
946,024180404,02418,Peninsula,37.499238146426386,-122.26219337343902
947,024180405,02418,Peninsula,37.48545933625704,-122.24552180550802
948,024180406,02418,Peninsula,37.492115709828845,-122.24725459969059
949,024181101,02418,Peninsula,37.50170320497685,-122.25264876453392
950,024181102,02418,Peninsula,37.50186437126989,-122.24628080931349
951,024181103,02418,Peninsula,37.47835755320161,-122.24049564065479
952,024181104,02418,Peninsula,37.49877668796653,-122.27147719419914
953,024190404,02419,Peninsula,37.58172723714428,-122.32220851297193
954,024190407,02419,Peninsula,37.57588026857717,-122.33083021753009
955,024190408,02419,Peninsula,37.57141515644892,-122.33647198247839
956,024190409,02419,Peninsula,37.570345006208484,-122.32848624329586
957,024190410,02419,Peninsula,37.56790015051104,-122.34634417484659
958,024192101,02419,Peninsula,37.566476010569716,-122.2832578893764
959,024192101,02419,Peninsula,37.574055698283985,-122.3086438389698
960,024192102,02419,Peninsula,37.582600504895495,-122.32776238294383
961,024240402,02424,Peninsula,37.481616773993494,-122.31754196008173
962,024251101,02425,Peninsula,37.38502365540981,-122.2613289224203
963,024251102,02425,Peninsula,37.47123446301056,-122.26786129491043
964,024251104,02425,Peninsula,37.454791465890445,-122.26676682243837
965,024251105,02425,Peninsula,37.42298625580537,-122.22326340294616
966,024261102,02426,Peninsula,37.498427933499286,-122.21409376741498
967,024261103,02426,Peninsula,37.51532954584111,-122.20101454054463
968,024261104,02426,Peninsula,37.49989397553556,-122.21135428832814
969,024261105,02426,Peninsula,37.49364871644529,-122.21920292797653
970,042011101,04201,North Bay,37.961279546895234,-122.56404427759634
971,042011102,04201,North Bay,37.96193293928213,-122.50071580733494
972,042011103,04201,North Bay,37.95121204408277,-122.49669873952764
973,042011104,04201,North Bay,37.993486672561644,-122.58163518276314
974,042011105,04201,North Bay,37.98715701880715,-122.4586609407964
975,042011106,04201,North Bay,37.97545086004166,-122.53421744471068
976,042011107,04201,North Bay,37.94662792100216,-122.56249607605575
977,042011108,04201,North Bay,37.97338798120258,-122.60794574003573
978,042011109,04201,North Bay,37.98410150138491,-122.5222726389102
979,042011110,04201,North Bay,37.954618849134555,-122.51040137854415
980,042021102,04202,North Bay,38.294935136151054,-122.28780041784788
981,042021103,04202,North Bay,38.31242460465422,-122.30905350734938
982,042021105,04202,North Bay,38.30547429557308,-122.27470568082181
983,042021106,04202,North Bay,38.29816383613181,-122.28647151982119
984,042021109,04202,North Bay,38.31122642788241,-122.30483087225223
985,042021110,04202,North Bay,38.29643897987889,-122.30003816229959
986,042021112,04202,North Bay,38.30070815828569,-122.24490585500853
987,042031120,04203,North Bay,37.89477928985796,-122.51587759048242
988,042031121,04203,North Bay,37.89362627891604,-122.47861115926999
989,042031122,04203,North Bay,37.92313115961155,-122.51450953720567
990,042031123,04203,North Bay,37.9070495708768,-122.5147194619492
991,042031124,04203,North Bay,37.917740965570275,-122.55383362868972
992,042031125,04203,North Bay,37.9205658050537,-122.58667540236695
993,042041102,04204,North Bay,38.069553169245694,-122.20320447808014
994,042041103,04204,North Bay,38.075355059297785,-122.23366446763178
995,042041104,04204,North Bay,38.05695202814357,-122.16492871235603
996,042041108,04204,North Bay,38.07787031756441,-122.17324093192738
997,042042101,04204,North Bay,38.08402252394297,-122.22803672129385
998,042042104,04204,North Bay,38.09136813591395,-122.21964649062876
999,042051101,04205,North Bay,38.13687565871771,-122.23017536666265
1000,042051102,04205,North Bay,38.128360575219595,-122.21053747301407
1001,042051103,04205,North Bay,38.13096165532088,-122.2168137016543
1002,042091101,04209,Sonoma,38.47681143143214,-122.9558063448411
1003,042091102,04209,Sonoma,38.49060856484875,-122.87647736389113
1004,042120411,04212,Sonoma,38.230637983167455,-122.64269424973216
1005,042120413,04212,Sonoma,38.23259967468718,-122.63523814623255
1006,042141101,04214,Humboldt,39.013093150527865,-122.81936863890643
1007,042141102,04214,Humboldt,38.98265526717079,-122.88148507293504
1008,042151101,04215,Sonoma,38.44251243971503,-122.7145834521504
1009,042151102,04215,Sonoma,38.41160552113864,-122.74130502061327
1010,042151103,04215,Sonoma,38.42768116035391,-122.76028472102905
1011,042151104,04215,Sonoma,38.50466362667968,-122.7044137692719
1012,042151105,04215,Sonoma,38.45079883855059,-122.72654318872864
1013,042151106,04215,Sonoma,38.43480768897478,-122.71782920348839
1014,042151107,04215,Sonoma,38.44192281118268,-122.67407619888839
1015,042151108,04215,Sonoma,38.41020445255439,-122.70581952036407
1016,042151109,04215,Sonoma,38.44006340502602,-122.7092261211019
1017,042151110,04215,Sonoma,38.419119009249364,-122.64956605124583
1018,042151111,04215,Sonoma,38.408144880800634,-122.66164257078196
1019,042151112,04215,Sonoma,38.452728188077444,-122.70616323980516
1020,042211101,04221,North Bay,38.111429352524134,-122.58147190822211
1021,042211102,04221,North Bay,38.12086553611506,-122.57952142074062
1022,042211103,04221,North Bay,38.08554395284976,-122.55417865866369
1023,042211104,04221,North Bay,38.159488418576125,-122.56971672551497
1024,042251101,04225,Humboldt,38.97288309553349,-123.13252564071871
1025,042261101,04226,North Bay,37.92002177293639,-122.70724573003923
1026,042271102,04227,Sonoma,38.28438737597417,-122.68238902308568
1027,042271103,04227,Sonoma,38.24319587774459,-122.964133672874
1028,042271104,04227,Sonoma,38.33240001857888,-122.7210188981031
1029,042271105,04227,Sonoma,38.31791185426618,-122.74962080375553
1030,042281105,04228,Humboldt,39.40817598608729,-123.1256808660146
1031,042291101,04229,North Bay,38.057312479950895,-122.76405952891356
1032,042301101,04230,North Bay,38.23651484987873,-122.27024602149275
1033,042450411,04245,North Bay,38.102597589748775,-122.25557095881446
1034,042450413,04245,North Bay,38.10210549923862,-122.23626608970902
1035,042450414,04245,North Bay,38.10138650497216,-122.24266865754176
1036,042450415,04245,North Bay,38.115845824012865,-122.23518406032886
1037,042451101,04245,North Bay,38.112113959112875,-122.23531497947397
1038,042451102,04245,North Bay,38.107736457836694,-122.2249306992425
1039,042461101,04246,North Bay,38.26337330885068,-122.2694453050946
1040,042461104,04246,North Bay,38.24590387401248,-122.27681696294988
1041,042461105,04246,North Bay,38.25853031931105,-122.27314260883537
1042,042461106,04246,North Bay,38.270077908206225,-122.27343933463213
1043,042481101,04248,North Bay,38.075000890223784,-122.56855452308969
1044,042481102,04248,North Bay,38.07273991274789,-122.53447074191749
1045,042481103,04248,North Bay,38.06132753393328,-122.5314227005543
1046,042481104,04248,North Bay,38.17171979042606,-122.51653023669114
1047,042481105,04248,North Bay,38.09060469595536,-122.57721019162132
1048,042491101,04249,North Bay,37.83693591241727,-122.47766184752113
1049,042491102,04249,North Bay,37.8523993524042,-122.48868919523896
1050,042550401,04255,North Bay,38.09853076077566,-122.25345144173478
1051,042561101,04256,Sonoma,38.51123857512255,-122.76938719205822
1052,042561102,04256,Sonoma,38.54576958377301,-122.77400952723335
1053,042561104,04256,Sonoma,38.53643705968264,-122.79142786267262
1054,042561105,04256,Sonoma,38.49036484917485,-122.79810559415485
1055,042561106,04256,Sonoma,38.53242093276475,-122.79831425686696
1056,042561107,04256,Sonoma,38.5103985266548,-122.71829796042616
1057,042571101,04257,Sonoma,38.37511672145361,-122.8433162878205
1058,042571102,04257,Sonoma,38.37154923581604,-122.9636994028697
1059,042571103,04257,Sonoma,38.42062061431692,-122.76941186793735
1060,042571104,04257,Sonoma,38.36373705821344,-122.84730233600004
1061,042601101,04260,Humboldt,39.05356472853245,-123.40883372387229
1062,042601102,04260,Humboldt,39.10928437481026,-123.5172686676463
1063,042631101,04263,Sonoma,38.23798217426562,-122.63925253686682
1064,042631102,04263,Sonoma,38.2356918802909,-122.59843777315864
1065,042631105,04263,Sonoma,38.239805702418955,-122.62871804656464
1066,042631106,04263,Sonoma,38.25699846514164,-122.63701702630313
1067,042631108,04263,Sonoma,38.226026147207016,-122.73589740463015
1068,042631109,04263,Sonoma,38.221470428851454,-122.60681123234868
1069,042631110,04263,Sonoma,38.23676123226523,-122.63806780958322
1070,042651101,04265,North Bay,38.17031753481894,-122.24431542022272
1071,042651102,04265,North Bay,38.1944194065956,-122.25271732727235
1072,042651103,04265,North Bay,38.16092427279235,-122.25709400969673
1073,042651104,04265,North Bay,38.14947162459148,-122.26647641884871
1074,042651105,04265,North Bay,38.17019718012854,-122.26865047076167
1075,042651106,04265,North Bay,38.1361513001686,-122.24340089949752
1076,042651107,04265,North Bay,38.17930672515909,-122.27179330467365
1077,042661102,04266,Humboldt,39.40597504161426,-123.34011259659412
1078,042661103,04266,Humboldt,39.385480554786355,-123.3182039842753
1079,042661104,04266,Humboldt,39.42699270042708,-123.39237276151866
1080,042681101,04268,Humboldt,39.71281690494754,-123.48898087866367
1081,042681102,04268,Humboldt,39.71113452127787,-123.65316562969032
1082,042711101,04271,North Bay,38.58203711127316,-122.65867359212965
1083,042711102,04271,North Bay,38.53487776922429,-122.52851402925873
1084,042721102,04272,Sonoma,38.316747633300245,-122.48113325940875
1085,042721103,04272,Sonoma,38.29232827196409,-122.45431690023896
1086,042721104,04272,Sonoma,38.27086242416146,-122.47346044246878
1087,042721105,04272,Sonoma,38.272633262558415,-122.43715903058684
1088,042721106,04272,Sonoma,38.29330051509387,-122.4712812090865
1089,042721107,04272,Sonoma,38.26020803801355,-122.45036543346198
1090,042751111,04275,Sonoma,38.59452152434875,-122.8299873394752
1091,042751113,04275,Sonoma,38.58299297661762,-122.89220341019382
1092,042761101,04276,Humboldt,39.67355201140244,-123.78695597079715
1093,042761102,04276,Humboldt,39.357988277209046,-123.63393099955495
1094,042761103,04276,Humboldt,39.42536848612609,-123.80406586754448
1095,042761104,04276,Humboldt,39.4450171625865,-123.76087089953744
1096,042771111,04277,Humboldt,39.1974153371982,-123.21340558868557
1097,042771113,04277,Humboldt,39.121425057025526,-123.20267150565272
1098,042771114,04277,Humboldt,39.13693329683915,-123.17688258446933
1099,042771115,04277,Humboldt,39.17439445773505,-123.22892889465142
1100,042811111,04281,Sonoma,38.43606145712148,-123.09874091385636
1101,042811112,04281,Sonoma,38.46452717317511,-123.01133503485849
1102,042811113,04281,Sonoma,38.49246380558734,-123.00907879988317
1103,042821101,04282,Sonoma,38.808688541198535,-123.01956593404381
1104,042821102,04282,Sonoma,38.870436820482134,-122.97284973857467
1105,042841111,04284,Humboldt,38.73263448022746,-123.48227302325996
1106,042841112,04284,Humboldt,38.857329723151416,-123.63148488867976
1107,042851121,04285,Sonoma,38.59059659019598,-123.11046583600285
1108,042861101,04286,Humboldt,38.72944605220841,-123.34943000827018
1109,042871101,04287,Humboldt,39.16804841535643,-122.96306684374873
1110,042891101,04289,Sonoma,38.73344741007546,-122.94353080638669
1111,042891102,04289,Sonoma,38.70930798341413,-122.87626785674634
1112,042951101,04295,Humboldt,39.357727822039024,-123.23310000882152
1113,042981101,04298,Humboldt,39.22437800498725,-123.7665724039753
1114,042991103,04299,North Bay,38.018979941899076,-122.52246052014729
1115,042991104,04299,North Bay,37.9995824854472,-122.55878880217358
1116,042991105,04299,North Bay,38.030097147362895,-122.57023147309393
1117,042991106,04299,North Bay,38.052041983587095,-122.52737157312946
1118,042991107,04299,North Bay,38.00402007097677,-122.53683026620443
1119,043021101,04302,North Bay,38.06510630565168,-122.70162240810944
1120,043021102,04302,North Bay,38.00661819422061,-122.63014985593725
1121,043051101,04305,North Bay,38.54043584336947,-122.236179006456
1122,043061101,04306,Humboldt,39.752868318532165,-123.2000348492443
1123,043071101,04307,Sonoma,38.34053447193605,-122.50498930538922
1124,043071102,04307,Sonoma,38.32240325359973,-122.5191229088634
1125,043071103,04307,Sonoma,38.437344991482576,-122.59022389500814
1126,043081101,04308,Humboldt,39.36768916946396,-123.81507636320751
1127,043091101,04309,North Bay,37.927015461857145,-122.5181244909403
1128,043091102,04309,North Bay,37.95353682976174,-122.53519283176702
1129,043091103,04309,North Bay,37.94874976467581,-122.53546014299178
1130,043091104,04309,North Bay,37.89848816699111,-122.47014298413504
1131,043141101,04314,Humboldt,38.837332857862094,-122.76169627761742
1132,043141102,04314,Humboldt,38.788103336629405,-122.52093371714975
1133,043141103,04314,Humboldt,38.74163766073901,-122.52470536098166
1134,043161101,04316,Sonoma,38.35784262352001,-122.93250669780461
1135,043181102,04318,Sonoma,38.3762412455342,-122.71738904860112
1136,043181104,04318,Sonoma,38.40822466622257,-122.72267251111857
1137,043182101,04318,Sonoma,38.36250801838732,-122.6136205547239
1138,043182103,04318,Sonoma,38.36812526893779,-122.68399146205023
1139,043182105,04318,Sonoma,38.35500352000756,-122.70811529015958
1140,043182107,04318,Sonoma,38.34815900785435,-122.71809105699062
1141,043191101,04319,Humboldt,39.07367916116828,-122.60230780251393
1142,043191102,04319,Humboldt,38.97619754765698,-122.6571605606001
1143,043201101,04320,North Bay,38.12133685951989,-122.59466920227277
1144,043201102,04320,North Bay,38.11666055895128,-122.6563710323837
1145,043211101,04321,Humboldt,39.038904022464635,-122.94497694227019
1146,043211102,04321,Humboldt,39.076072144684545,-122.93042120424818
1147,043251101,04325,North Bay,38.07699936783362,-122.15636285851255
1148,043251102,04325,North Bay,38.12564145695235,-122.10120777370997
1149,043251103,04325,North Bay,38.047939497675834,-122.14011128142893
1150,043251104,04325,North Bay,38.11271981077819,-122.20335251043453
1151,043251105,04325,North Bay,38.05815034357373,-122.15247375359588
1152,043281103,04328,North Bay,38.106498877886885,-122.24953660848189
1153,043281105,04328,North Bay,38.1034375762235,-122.25817414892356
1154,043291102,04329,North Bay,38.32307243122609,-122.29808961588965
1155,043291103,04329,North Bay,38.33026534289736,-122.30147678253603
1156,043291104,04329,North Bay,38.350410233601785,-122.24979215627673
1157,043291105,04329,North Bay,38.331134993276486,-122.26334412306284
1158,043292101,04329,North Bay,38.336281867163784,-122.31002833260894
1159,043292102,04329,North Bay,38.42150191791265,-122.34798891789913
1160,043292103,04329,North Bay,38.315771359373485,-122.32928800996439
1161,043292104,04329,North Bay,38.36068854808954,-122.3362481147156
1162,043301104,04330,Sonoma,38.45106785010937,-122.74411147129912
1163,043301105,04330,Sonoma,38.44197699132727,-122.75995594165168
1164,043301106,04330,Sonoma,38.4654740217463,-122.75096704635634
1165,043302102,04330,Sonoma,38.476353857366334,-122.74326154450037
1166,043302103,04330,Sonoma,38.48050398477392,-122.68903260133672
1167,043302107,04330,Sonoma,38.470584016947164,-122.71706699107501
1168,043311102,04331,Humboldt,38.95022679269323,-122.84152152062921
1169,043311108,04331,Humboldt,38.98577514901777,-122.74027400149991
1170,043321101,04332,Sonoma,38.488904058317246,-122.59100798514316
1171,043321101,04332,Sonoma,38.433724019730334,-122.59513507347869
1172,043321102,04332,Sonoma,38.490965028142696,-122.66784652127939
1173,043321103,04332,Sonoma,38.54390939698174,-122.66959395114601
1174,043321104,04332,Sonoma,38.48479261780361,-122.66784874647134
1175,043351103,04335,Humboldt,39.15109172707488,-122.8950587215441
1176,043351106,04335,Humboldt,39.01731495887424,-122.75227829469841
1177,043361102,04336,Humboldt,38.96691028884345,-122.63824904792493
1178,043361103,04336,Humboldt,38.84605672554774,-122.53959042345573
1179,043361104,04336,Humboldt,38.93813413882681,-122.6205483817485
1180,043371101,04337,Sonoma,38.22776440633872,-122.57828606196338
1181,043371102,04337,Sonoma,38.283806030206826,-122.56664738064325
1182,043371105,04337,Sonoma,38.237337213374175,-122.60168646714901
1183,043381101,04338,Humboldt,38.91270462221233,-123.67303482393918
1184,043411101,04341,Humboldt,39.20661785297162,-123.15527689501019
1185,043411102,04341,Humboldt,39.19582920140913,-123.19309479374255
1186,043432102,04343,North Bay,38.491978620982174,-122.41584978573677
1187,043432103,04343,North Bay,38.49363482876487,-122.45994754820896
1188,043432104,04343,North Bay,38.6393428761709,-122.42535977445078
1189,043432105,04343,North Bay,38.48985499386798,-122.49625159787672
1190,043471101,04347,Sonoma,38.34411206250666,-122.60183670037559
1191,043471102,04347,Sonoma,38.31571012829136,-122.6812107527505
1192,043491101,04349,Sonoma,38.24812615609348,-122.67572214508391
1193,043491102,04349,Sonoma,38.2686878774412,-122.66440703216907
1194,043491103,04349,Sonoma,38.27747343707255,-122.65311173887962
1195,043501101,04350,Sonoma,38.54536976842292,-122.8181205982331
1196,043501102,04350,Sonoma,38.56506384001138,-122.83378292329552
1197,043501103,04350,Sonoma,38.567731776364425,-122.80598805252433
1198,062021101,06202,Sacramento,39.21829726605317,-122.01752611072624
1199,062021103,06202,Sacramento,39.20748043741965,-122.01550441655284
1200,062021104,06202,Sacramento,39.209465556359255,-121.99954274669443
1201,062021105,06202,Sacramento,39.18901222732087,-121.97567303228969
1202,062031101,06203,Sacramento,38.664653576590894,-121.73140060966838
1203,062031102,06203,Sacramento,38.69190975258394,-121.7802588485004
1204,062031103,06203,Sacramento,38.671326949263644,-121.7369768909245
1205,062031104,06203,Sacramento,38.66921540817541,-121.79773034416783
1206,062031105,06203,Sacramento,38.65935699527198,-121.7432547330591
1207,062031106,06203,Sacramento,38.676876038592454,-121.65292412574946
1208,062031107,06203,Sacramento,38.666720715767724,-121.78001835737263
1209,062031108,06203,Sacramento,38.70939247085554,-121.74785060956309
1210,062031109,06203,Sacramento,38.67314787648682,-121.79344210122242
1211,062031110,06203,Sacramento,38.68060277184351,-121.78309629204722
1212,062031111,06203,Sacramento,38.681084906237274,-121.7467874228909
1213,062031112,06203,Sacramento,38.668550157431646,-121.76319731151226
1214,062031113,06203,Sacramento,38.684419144463135,-121.7416676690577
1215,062041101,06204,Sacramento,38.533023210539525,-121.62902802834688
1216,062041102,06204,Sacramento,38.55837252042119,-121.71102327661352
1217,062041103,06204,Sacramento,38.56286428631513,-121.74627519418779
1218,062041104,06204,Sacramento,38.55138707587002,-121.76994084254329
1219,062041105,06204,Sacramento,38.557148957325296,-121.74229266666863
1220,062041106,06204,Sacramento,38.581338291498355,-121.76575546354469
1221,062041107,06204,Sacramento,38.536257986806156,-121.84938549827658
1222,062041108,06204,Sacramento,38.54545189264189,-121.72480589559723
1223,062041109,06204,Sacramento,38.569689980498175,-121.76412293922583
1224,062041110,06204,Sacramento,38.55096506272465,-121.70758934218226
1225,062041111,06204,Sacramento,38.5472742607288,-121.74770755944576
1226,062041111,06204,Sacramento,38.544831175462484,-121.76915841807639
1227,062041112,06204,Sacramento,38.48725819440418,-121.65995752985468
1228,062051101,06205,Sacramento,39.09700747174349,-122.12442408664727
1229,062051102,06205,Sacramento,39.14950561874011,-122.14737245262538
1230,062061102,06206,Sacramento,38.434165595529706,-121.83078009947815
1231,062061103,06206,Sacramento,38.45257436124913,-121.7626927355701
1232,062061104,06206,Sacramento,38.44562153611342,-121.82546850035287
1233,062061105,06206,Sacramento,38.465300591923096,-121.82403516232101
1234,062061106,06206,Sacramento,38.438753955583024,-121.84845881691248
1235,062071101,06207,Sacramento,39.18800613829822,-122.03043322280668
1236,062081101,06208,Sacramento,39.01274635761083,-122.0747530230403
1237,062081102,06208,Sacramento,39.0128570240764,-122.00637179786547
1238,062081104,06208,Sacramento,38.976563057651894,-122.07158689974567
1239,062131101,06213,Sacramento,38.234343042187874,-122.06347136415867
1240,062131102,06213,Sacramento,38.27665056379843,-122.02435848112937
1241,062131103,06213,Sacramento,38.25331448327313,-122.02150823993843
1242,062131104,06213,Sacramento,38.24551331947764,-122.04027548374548
1243,062131105,06213,Sacramento,38.25406010264185,-122.02207984879729
1244,062131106,06213,Sacramento,38.25166061260995,-122.04576753671697
1245,062131107,06213,Sacramento,38.26393347482868,-122.0377445868731
1246,062131108,06213,Sacramento,38.266469762285574,-122.06081983460459
1247,062131109,06213,Sacramento,38.28281045697676,-122.05043772578503
1248,062131110,06213,Sacramento,38.246709972888695,-122.05765909647826
1249,062131111,06213,Sacramento,38.25752091072219,-122.04979818228902
1250,062131112,06213,Sacramento,38.2458910680767,-122.06683118357951
1251,062462223,06246,Sacramento,38.19383334537557,-121.57237548671756
1252,062462224,06246,Sacramento,38.17609684339378,-121.52751975404453
1253,062462225,06246,Sacramento,38.16728556939928,-121.66835861029183
1254,062462226,06246,Sacramento,38.18409940919459,-121.70690196682975
1255,062462227,06246,Sacramento,38.35386191215396,-121.62012962228043
1256,062541101,06254,Sacramento,39.09150339486275,-121.82832309658835
1257,062541102,06254,Sacramento,39.20395665109751,-121.88802860828211
1258,062701104,06270,Sacramento,38.089893291748965,-121.89425409209586
1259,062701110,06270,Sacramento,38.24535411014726,-122.07884235340629
1260,062701112,06270,Sacramento,38.28962887779821,-122.0906988773826
1261,062721101,06272,Sacramento,38.73462540142935,-121.72416436017942
1262,062721102,06272,Sacramento,38.92380858008366,-121.75151659543502
1263,062771101,06277,Sacramento,39.004909905530226,-121.84224982064063
1264,062771102,06277,Sacramento,39.08002943576581,-121.92642379551047
1265,062771103,06277,Sacramento,39.00496884564099,-121.82221426485937
1266,062831101,06283,Sacramento,39.41994133519617,-121.9576058850615
1267,062831102,06283,Sacramento,39.323897594867844,-121.98494171440738
1268,062831103,06283,Sacramento,39.45713558662703,-122.01600296975225
1269,062831104,06283,Sacramento,39.34126667292637,-122.07654246172078
1270,062881102,06288,Sacramento,39.21821062989567,-122.15566127410527
1271,062881105,06288,Sacramento,39.348228395815426,-122.22915437728813
1272,062881106,06288,Sacramento,39.27798417362638,-122.05504461095109
1273,063121101,06312,Sacramento,39.11872058311777,-122.19298827746795
1274,063131104,06313,Sacramento,38.572679278585035,-121.61272139170583
1275,063131105,06313,Sacramento,38.57385288893654,-121.56596015982066
1276,063131106,06313,Sacramento,38.58342946427406,-121.54786637600877
1277,063131107,06313,Sacramento,38.5689815367597,-121.53304986001226
1278,063131108,06313,Sacramento,38.58109052872383,-121.53019274158781
1279,063131109,06313,Sacramento,38.59658172626764,-121.53405241242572
1280,063131110,06313,Sacramento,38.58736445493166,-121.51429822998992
1281,063131111,06313,Sacramento,38.58956834152488,-121.55738602457937
1282,063171103,06317,Sacramento,38.648832674671326,-121.87140099115761
1283,063171105,06317,Sacramento,38.70896080452831,-121.93638672706521
1284,063172101,06317,Sacramento,38.75991779197918,-122.16230822913569
1285,063191105,06319,Sacramento,38.805684238241724,-121.84930094840063
1286,063191106,06319,Sacramento,38.82246852326194,-121.85829049575577
1287,063191107,06319,Sacramento,38.739211000813704,-121.87813135485453
1288,063321101,06332,Sacramento,38.540483100798056,-121.9532646852743
1289,063321102,06332,Sacramento,38.537750778813255,-121.90231555864862
1290,063441101,06344,Sacramento,38.55557099657382,-121.82159430687834
1291,063441105,06344,Sacramento,38.5772951218293,-121.87337364359202
1292,063441106,06344,Sacramento,38.641870778423424,-121.7329156994923
1293,063591101,06359,Sacramento,38.43522640208556,-122.03171231938725
1294,063591102,06359,Sacramento,38.39441109243204,-121.93667711054958
1295,063591103,06359,Sacramento,38.44405944499868,-121.8920441076035
1296,063591104,06359,Sacramento,38.38517803509336,-121.93396303126666
1297,063591105,06359,Sacramento,38.43395712946887,-121.95185988508292
1298,063591106,06359,Sacramento,38.385992971243624,-121.9348731883482
1299,063591107,06359,Sacramento,38.395605459004535,-121.92484580693082
1300,063591109,06359,Sacramento,38.383961065696354,-121.96099182963123
1301,063601102,06360,Sacramento,38.36606865280962,-121.95964015745633
1302,063601103,06360,Sacramento,38.35507722560653,-121.99109761778077
1303,063601104,06360,Sacramento,38.33525175524691,-122.01367019710557
1304,063601105,06360,Sacramento,38.34940081489405,-121.97397592299937
1305,063601106,06360,Sacramento,38.35384178326183,-121.9676922067453
1306,063601107,06360,Sacramento,38.34536825821756,-121.94463663531104
1307,063601108,06360,Sacramento,38.360652218749024,-121.99850915247659
1308,063601109,06360,Sacramento,38.343790570189796,-121.99044697794668
1309,063601110,06360,Sacramento,38.3604613810286,-121.97585121208242
1310,063601111,06360,Sacramento,38.371201568785544,-121.99387206930946
1311,063601112,06360,Sacramento,38.38038635662977,-121.98281317163621
1312,063621105,06362,Sacramento,38.55090666696635,-121.56759715769425
1313,063621106,06362,Sacramento,38.527765039016785,-121.57943883626447
1314,063621107,06362,Sacramento,38.51874319056341,-121.55104615640079
1315,063621108,06362,Sacramento,38.55279091544675,-121.56299259987505
1316,063621109,06362,Sacramento,38.55143309256966,-121.54625463690643
1317,063621110,06362,Sacramento,38.55587155145277,-121.56176101497681
1318,063642102,06364,Sacramento,38.27435792875796,-121.95029595067682
1319,063642104,06364,Sacramento,38.25030289862031,-121.99242242165609
1320,063642105,06364,Sacramento,38.336947473126095,-121.83312108626441
1321,063642106,06364,Sacramento,38.29619446306595,-121.9747305011448
1322,063642107,06364,Sacramento,38.182379984006026,-121.72418205696258
1323,063642107,06364,Sacramento,38.22906771333983,-121.95169235339895
1324,063642108,06364,Sacramento,38.28275478169566,-122.01252990327905
1325,063642109,06364,Sacramento,38.243996747474164,-121.98832761360853
1326,063642112,06364,Sacramento,38.33706303731124,-121.9659538942635
1327,063642113,06364,Sacramento,38.276119104347664,-122.011322919704
1328,063681102,06368,Sacramento,38.47252706443485,-122.04685257955886
1329,063681103,06368,Sacramento,38.495677101598616,-121.96183914638482
1330,063681105,06368,Sacramento,38.63354230604595,-121.98977635523758
1331,063801101,06380,Sacramento,38.21595976259355,-122.14351368675524
1332,063801102,06380,Sacramento,38.21527399661709,-122.15136585044641
1333,063801103,06380,Sacramento,38.16661097904168,-122.12703289296877
1334,063801104,06380,Sacramento,38.176398699703746,-122.13305539947909
1335,063801105,06380,Sacramento,38.27089124528146,-122.10433223401157
1336,063811101,06381,Sacramento,38.88167474378806,-121.95356940187996
1337,063811102,06381,Sacramento,38.9290570499463,-121.93325244186437
1338,063811103,06381,Sacramento,38.95491124371009,-122.02916034159361
1339,068670401,06867,Sacramento,38.38466108186951,-121.75890650410108
1340,082012101,08201,San Jose,37.298396461631725,-121.83306824809942
1341,082012102,08201,San Jose,37.33097422107107,-121.84995602669122
1342,082012103,08201,San Jose,37.29678569185062,-121.8396428954377
1343,082012104,08201,San Jose,37.28652577730621,-121.86137276539807
1344,082012105,08201,San Jose,37.28212052252694,-121.8771341087874
1345,082021101,08202,De Anza,37.232414854718435,-121.96472327221647
1346,082021102,08202,De Anza,37.22868380227858,-121.98416920615125
1347,082021106,08202,De Anza,37.12725089846293,-121.94668956996543
1348,082021107,08202,De Anza,37.21333640084023,-121.97421734713821
1349,082021108,08202,De Anza,37.22414383099918,-121.98735055065144
1350,082031102,08203,De Anza,37.38603193159343,-122.07087616561171
1351,082031103,08203,De Anza,37.39113834026891,-122.06413215342552
1352,082031104,08203,De Anza,37.40543321976709,-122.10946228988698
1353,082031105,08203,De Anza,37.39268653769146,-122.10830244655061
1354,082031106,08203,De Anza,37.38195000785374,-122.0806990294393
1355,082031107,08203,De Anza,37.36142431779171,-122.09392718669362
1356,082031108,08203,De Anza,37.3732124223507,-122.04576684661322
1357,082031109,08203,De Anza,37.35682654224925,-122.06373748281554
1358,082031110,08203,De Anza,37.36812290410944,-122.0507534769679
1359,082031111,08203,De Anza,37.380197397049926,-122.05961659453062
1360,082031112,08203,De Anza,37.39147139061145,-122.05469883798045
1361,082031113,08203,De Anza,37.390946630753724,-122.07952650202292
1362,082031114,08203,De Anza,37.37243221440404,-122.06737187602937
1363,082160401,08216,De Anza,37.37910057321854,-122.10277884410151
1364,082160403,08216,De Anza,37.3741670468384,-122.09556321498242
1365,082161101,08216,De Anza,37.38599769324846,-122.1309502011318
1366,082161102,08216,De Anza,37.360603238197754,-122.13728683292828
1367,082191103,08219,San Jose,37.35955869442327,-121.87837748854123
1368,082191104,08219,San Jose,37.351833961831325,-121.86846494899798
1369,082191105,08219,San Jose,37.36882832126539,-121.8609397060452
1370,082191106,08219,San Jose,37.342917370015634,-121.86505499166121
1371,082241103,08224,De Anza,37.382338642463125,-122.10265239987535
1372,082241104,08224,De Anza,37.38425311340368,-122.12060869285811
1373,082241105,08224,De Anza,37.39973073423712,-122.11031312445085
1374,082241106,08224,De Anza,37.392209696192644,-122.12049515776226
1375,082241107,08224,De Anza,37.39973638748038,-122.1158472706623
1376,082250403,08225,San Jose,37.32631248898302,-121.91719755104943
1377,082250404,08225,San Jose,37.3356904931645,-121.89214061503797
1378,082250405,08225,San Jose,37.33224939701798,-121.8937333058184
1379,082250407,08225,San Jose,37.32632252177966,-121.9092971020801
1380,082250408,08225,San Jose,37.31673537521437,-121.88456727007109
1381,082250410,08225,San Jose,37.32162964377033,-121.89414295520331
1382,082251109,08225,San Jose,37.329224201994265,-121.8999971409751
1383,082251110,08225,San Jose,37.322631784343294,-121.9267318877821
1384,082251111,08225,San Jose,37.325381654470654,-121.89581327659982
1385,082251112,08225,San Jose,37.30565461052335,-121.90694578189272
1386,082251113,08225,San Jose,37.33169914967801,-121.89459101419632
1387,082261101,08226,San Jose,37.3337612731287,-121.89195928224129
1388,082261102,08226,San Jose,37.33962010349438,-121.89622241509805
1389,082261103,08226,San Jose,37.33180297394223,-121.8889613678805
1390,082261104,08226,San Jose,37.343712153753884,-121.90821051310117
1391,082261105,08226,San Jose,37.35672848275976,-121.8827885407844
1392,082261106,08226,San Jose,37.335770022069426,-121.90228941205558
1393,082261107,08226,San Jose,37.341934778942644,-121.88778382855784
1394,082261108,08226,San Jose,37.36495770712701,-121.90414471165812
1395,082261109,08226,San Jose,37.350657568859035,-121.90491966144694
1396,082261110,08226,San Jose,37.32992419150525,-121.93188092654074
1397,082261111,08226,San Jose,37.33320958898154,-121.8963325590275
1398,082261112,08226,San Jose,37.35039160517505,-121.89258479526187
1399,082261113,08226,San Jose,37.335982287732264,-121.89594680347028
1400,082261114,08226,San Jose,37.342902881737885,-121.89567923961674
1401,082261115,08226,San Jose,37.33132202793918,-121.90533124460589
1402,082261116,08226,San Jose,37.34518560611461,-121.9160726578192
1403,082261117,08226,San Jose,37.34122880973143,-121.90292928695881
1404,082311101,08231,San Jose,37.274415651788054,-121.90174313690362
1405,082311102,08231,San Jose,37.28717562872875,-121.8928531188265
1406,082311110,08231,San Jose,37.26760511496111,-121.89704053667138
1407,082311111,08231,San Jose,37.27308482579835,-121.88069761777201
1408,082342101,08234,San Jose,37.40861362831766,-121.94382956024091
1409,082342102,08234,San Jose,37.417592580888986,-121.94998453682629
1410,082342106,08234,San Jose,37.41252641067761,-121.93616575003125
1411,082342107,08234,San Jose,37.412835000384696,-121.93173767614755
1412,082342108,08234,San Jose,37.40650486546167,-121.92808402506995
1413,082462106,08246,San Jose,37.4130870432478,-121.94843602707007
1414,082462107,08246,San Jose,37.410327632061936,-121.95393729458932
1415,082462109,08246,San Jose,37.42130322160254,-121.93412307597919
1416,082462110,08246,San Jose,37.424445992853386,-121.96094449444011
1417,082462111,08246,San Jose,37.42124472033689,-121.97499229067617
1418,082831101,08283,San Jose,37.40339439065753,-121.88194292134551
1419,082831103,08283,San Jose,37.43645162197628,-121.89694483359125
1420,082831104,08283,San Jose,37.41375841601693,-121.89050640960843
1421,082831105,08283,San Jose,37.451930461861025,-121.89211409561484
1422,082831106,08283,San Jose,37.42403758557506,-121.86301229470283
1423,082831108,08283,San Jose,37.41551527009439,-121.85263501429516
1424,082831109,08283,San Jose,37.42071060472677,-121.77345340547609
1425,082832110,08283,San Jose,37.395735127827216,-121.86045466228134
1426,082832111,08283,San Jose,37.42920581101769,-121.89756033568835
1427,082832112,08283,San Jose,37.397890234807214,-121.87808775768934
1428,082832113,08283,San Jose,37.405438838458,-121.89448602775202
1429,082832114,08283,San Jose,37.40926864700514,-121.89902479543167
1430,082832115,08283,San Jose,37.42341390105528,-121.89699742016055
1431,082841101,08284,Central Coast,37.13598368006401,-122.13781847290781
1432,082841102,08284,Central Coast,37.167108017290644,-122.18690364105298
1433,082921101,08292,De Anza,37.289198982631454,-121.94921799373768
1434,082921102,08292,De Anza,37.323279930410465,-121.93638743562938
1435,082921103,08292,De Anza,37.315854707612324,-121.96438468009633
1436,082921104,08292,De Anza,37.294258995379536,-121.92788969641613
1437,082921105,08292,De Anza,37.30451612061896,-121.93732080876491
1438,082921107,08292,De Anza,37.31214747869118,-121.92826800793782
1439,082921108,08292,De Anza,37.31283899834956,-121.94584555423351
1440,082921109,08292,De Anza,37.301195237779325,-121.95510012208649
1441,082921111,08292,De Anza,37.29632690876037,-121.93599683246848
1442,082921112,08292,De Anza,37.31659571933201,-121.95973376872531
1443,082921113,08292,De Anza,37.279531753677674,-121.93596966965033
1444,082921114,08292,De Anza,37.30746775240818,-121.93076832236831
1445,082921116,08292,De Anza,37.29395270674006,-121.93914852460986
1446,082921117,08292,De Anza,37.28519983099585,-121.95049419287066
1447,082921118,08292,De Anza,37.271279683322696,-121.93177293352664
1448,082921119,08292,De Anza,37.28799266264276,-121.90879077308976
1449,082931101,08293,Central Coast,37.03183789937924,-122.19021951523634
1450,082951101,08295,San Jose,37.234567495387,-121.81683307996083
1451,082951102,08295,San Jose,37.23081368097393,-121.7729791344561
1452,082951103,08295,San Jose,37.23814581166975,-121.81605582723964
1453,082952105,08295,San Jose,37.20262079287956,-121.71886717587576
1454,082952106,08295,San Jose,37.232671751555614,-121.84552348981937
1455,082952107,08295,San Jose,37.23426087818918,-121.78540618416255
1456,082952108,08295,San Jose,37.26959024097273,-121.81965906412978
1457,082952109,08295,San Jose,37.25476512904881,-121.80029684817292
1458,082952110,08295,San Jose,37.24178790177772,-121.78569737493432
1459,082952111,08295,San Jose,37.2434009522704,-121.79465254497141
1460,082952112,08295,San Jose,37.264104004513804,-121.79694888323189
1461,082952113,08295,San Jose,37.23434699377909,-121.83274915679026
1462,082962101,08296,San Jose,37.233871313841355,-121.77042283624131
1463,082991105,08299,De Anza,37.40403073920833,-122.02987308305481
1464,082991107,08299,De Anza,37.40660726315058,-122.0283670178011
1465,082991110,08299,De Anza,37.40630833209773,-122.02890146929802
1466,083001103,08300,De Anza,37.411920003334764,-122.03367909334337
1467,083001106,08300,De Anza,37.41520806429616,-122.02480571645258
1468,083001107,08300,De Anza,37.40465997917484,-122.03439692708542
1469,083001108,08300,De Anza,37.41337467755228,-122.01728907512627
1470,083010401,08301,Central Coast,36.98301533604353,-122.00769904636539
1471,083010402,08301,Central Coast,36.97831808654338,-121.99251181708635
1472,083040401,08304,Central Coast,37.07518495247317,-122.09280166784215
1473,083041101,08304,Central Coast,37.11565949634368,-122.10273398160818
1474,083110401,08311,Central Coast,36.96895007626597,-121.76503848171178
1475,083182101,08318,San Jose,37.04546152272675,-121.51169295273014
1476,083182102,08318,San Jose,37.02713011305237,-121.58662328529527
1477,083182103,08318,San Jose,37.02047082967539,-121.60932292979089
1478,083182104,08318,San Jose,36.98142054943619,-121.56203144808592
1479,083182105,08318,San Jose,36.987664943248866,-121.58026991959204
1480,083182106,08318,San Jose,36.98569570702593,-121.48492359767259
1481,083182107,08318,San Jose,37.00805944832218,-121.60975571203295
1482,083182109,08318,San Jose,37.01716753301234,-121.56318664338438
1483,083192101,08319,Central Coast,36.97186173132068,-121.75679935710333
1484,083192102,08319,Central Coast,36.83820174410117,-121.7722006094459
1485,083192103,08319,Central Coast,36.94307636911018,-121.76736270511277
1486,083192104,08319,Central Coast,36.92332102298332,-121.74558574155819
1487,083242104,08324,San Jose,37.15430961026433,-121.64295418618443
1488,083242105,08324,San Jose,37.04552844533482,-121.72282978845142
1489,083242106,08324,San Jose,37.09807124398879,-121.59575627170288
1490,083242108,08324,San Jose,37.14879180746432,-121.65889313932095
1491,083242109,08324,San Jose,37.121337464834305,-121.65549712282485
1492,083242110,08324,San Jose,37.116675952831336,-121.64526426088469
1493,083242111,08324,San Jose,37.092581616068756,-121.74624384658372
1494,083252101,08325,Central Coast,36.96721752159452,-121.96257466785212
1495,083252102,08325,Central Coast,36.98559068805885,-122.023442117194
1496,083252103,08325,Central Coast,36.974292329976755,-122.01472185611223
1497,083252104,08325,Central Coast,37.0170555684561,-121.96150441348749
1498,083252105,08325,Central Coast,36.98445370880473,-122.03812846047607
1499,083252106,08325,Central Coast,37.02442496467214,-121.94890375358804
1500,083252107,08325,Central Coast,36.95678081894735,-122.0293616904037
1501,083252108,08325,Central Coast,36.98359049856455,-121.99937441026808
1502,083252109,08325,Central Coast,36.974995037885556,-121.91011712119682
1503,083300402,08330,Central Coast,36.97900769814058,-121.95346237276627
1504,083330411,08333,Central Coast,36.90793039735568,-121.75250173785957
1505,083330413,08333,Central Coast,36.90598871413303,-121.7663551190573
1506,083330414,08333,Central Coast,36.90877999399414,-121.74774924968139
1507,083332101,08333,Central Coast,36.907652176089414,-121.70350403718643
1508,083371103,08337,De Anza,37.27771340520361,-122.03195956655284
1509,083371104,08337,De Anza,37.241681788150586,-121.98888069981771
1510,083371105,08337,De Anza,37.27031657864348,-122.0541694718142
1511,083371106,08337,De Anza,37.233874421143746,-121.99219341148194
1512,083371107,08337,De Anza,37.24115074125915,-122.04785995135113
1513,083371108,08337,De Anza,37.28627680234271,-121.96975952699788
1514,083371109,08337,De Anza,37.280567091543965,-121.97176682387203
1515,083371110,08337,De Anza,37.29536741206829,-121.97964684537276
1516,083371111,08337,De Anza,37.30109930908719,-121.97175738307052
1517,083371112,08337,De Anza,37.293339801107514,-121.98047225419728
1518,083371113,08337,De Anza,37.308966563681885,-122.00091510370791
1519,083371114,08337,De Anza,37.31277661216709,-121.98918737728273
1520,083371115,08337,De Anza,37.28164307660255,-122.01485097782155
1521,083392102,08339,San Jose,37.28868765371263,-121.74301235334315
1522,083392106,08339,San Jose,37.323639249340154,-121.83187354607442
1523,083392107,08339,San Jose,37.31001290957298,-121.7664486755068
1524,083392108,08339,San Jose,37.304343714729676,-121.796427313237
1525,083392109,08339,San Jose,37.329719628433104,-121.77910161124832
1526,083392110,08339,San Jose,37.36244654470772,-121.57819300659716
1527,083392111,08339,San Jose,37.31522968188695,-121.81256535661659
1528,083421102,08342,De Anza,37.41020341797474,-122.01439549496305
1529,083421103,08342,De Anza,37.41009984674274,-122.01820861413712
1530,083421104,08342,De Anza,37.39324258984283,-121.99351432235034
1531,083421105,08342,De Anza,37.40185261163672,-122.01236336263626
1532,083421106,08342,De Anza,37.395633118193466,-122.03523766771617
1533,083421107,08342,De Anza,37.39723235290626,-122.01092333920464
1534,083421108,08342,De Anza,37.39827136858424,-122.01416044996336
1535,083421109,08342,De Anza,37.37403260032745,-121.9906795566873
1536,083421110,08342,De Anza,37.403251949969864,-122.00680202645201
1537,083421111,08342,De Anza,37.388305174877324,-121.99625300203564
1538,083421112,08342,De Anza,37.38900578799393,-121.99730542133192
1539,083421113,08342,De Anza,37.4082914723269,-122.0197508519461
1540,083431108,08343,San Jose,37.260911197069525,-121.88398278559517
1541,083431108,08343,San Jose,37.24281619261832,-121.89486027887557
1542,083431109,08343,San Jose,37.26469055499524,-121.93133268516377
1543,083431110,08343,San Jose,37.25674131745782,-121.87357812834664
1544,083431111,08343,San Jose,37.2708996226402,-121.91202791053365
1545,083431112,08343,San Jose,37.248367046884475,-121.89919296648213
1546,083431113,08343,San Jose,37.27046910058556,-121.93190626946009
1547,083431114,08343,San Jose,37.23988981877707,-121.90345613364792
1548,083431115,08343,San Jose,37.243425586603294,-121.94566248981424
1549,083431116,08343,San Jose,37.22646882372799,-121.93937600403618
1550,083432101,08343,San Jose,37.211007937731715,-121.85179248353002
1551,083432102,08343,San Jose,37.25090642424087,-121.86473871330914
1552,083432103,08343,San Jose,37.21247669500455,-121.854761967303
1553,083432105,08343,San Jose,37.209069280264444,-121.83557025545278
1554,083432111,08343,San Jose,37.23413047249079,-121.87323526051406
1555,083481102,08348,De Anza,37.330609870269726,-122.02936246993791
1556,083481103,08348,De Anza,37.32185113946346,-122.02776513953496
1557,083481104,08348,De Anza,37.304859130528705,-122.04154548675055
1558,083481105,08348,De Anza,37.337975794494184,-122.03336205287061
1559,083481106,08348,De Anza,37.33604048758582,-122.04148170248514
1560,083481107,08348,De Anza,37.32165292469902,-122.0321140054676
1561,083481108,08348,De Anza,37.34660553427046,-122.06769833677815
1562,083481109,08348,De Anza,37.30404505338579,-122.0497186672274
1563,083481110,08348,De Anza,37.2682340737882,-122.0951002077221
1564,083481111,08348,De Anza,37.33942587202545,-122.08290772728574
1565,083481112,08348,De Anza,37.34878356367492,-122.04362858403857
1566,083481113,08348,De Anza,37.36445964240064,-122.0471909445871
1567,083510403,08351,Central Coast,36.92302848563201,-121.7599988113454
1568,083510404,08351,Central Coast,36.92794952167652,-121.7711757550624
1569,083531103,08353,San Jose,37.39920247962183,-121.82118433936905
1570,083531104,08353,San Jose,37.344715733795475,-121.8323437768626
1571,083531105,08353,San Jose,37.37702964020471,-121.83975529234606
1572,083531106,08353,San Jose,37.34569545670484,-121.84263848579872
1573,083531107,08353,San Jose,37.38521027594464,-121.79913583385454
1574,083531108,08353,San Jose,37.38666564298753,-121.8449877335939
1575,083531109,08353,San Jose,37.36345471617944,-121.85709430521963
1576,083531110,08353,San Jose,37.379466075362956,-121.87879348377574
1577,083531111,08353,San Jose,37.35461752459147,-121.80109916249879
1578,083531112,08353,San Jose,37.35722762548424,-121.808829807581
1579,083611104,08361,De Anza,37.38300870992999,-122.0455870161763
1580,083611105,08361,De Anza,37.37399093971456,-122.02693923442268
1581,083611106,08361,De Anza,37.36158051482245,-122.02446988970677
1582,083611107,08361,De Anza,37.37276542088059,-121.98753700183465
1583,083611108,08361,De Anza,37.378763343517846,-121.99552545887435
1584,083611109,08361,De Anza,37.383160187702536,-122.01799987891877
1585,083611110,08361,De Anza,37.363982551489016,-122.02316564649628
1586,083611111,08361,De Anza,37.38451654454121,-122.00740727858266
1587,083611112,08361,De Anza,37.37282346131727,-121.99075304426334
1588,083611113,08361,De Anza,37.38585884129176,-122.03491966946589
1589,083611114,08361,De Anza,37.39241610469854,-122.02955992715938
1590,083611115,08361,De Anza,37.3740223064883,-121.99046141789572
1591,083622103,08362,Central Coast,37.02693512567584,-122.03012598988563
1592,083622104,08362,Central Coast,37.04706743769285,-122.00182090740064
1593,083622105,08362,Central Coast,37.05127339548527,-122.04630331026632
1594,083622106,08362,Central Coast,37.13655772938853,-121.98440105285572
1595,083631101,08363,De Anza,37.39246054045622,-122.06976080237075
1596,083631102,08363,De Anza,37.3988980188355,-122.05081902430534
1597,083631103,08363,De Anza,37.40071844584624,-122.05484244508501
1598,083631104,08363,De Anza,37.41734735237175,-122.08252270185258
1599,083631105,08363,De Anza,37.40759705915503,-122.06306203012403
1600,083631106,08363,De Anza,37.41674587284395,-122.09728526717926
1601,083631108,08363,De Anza,37.40323797733499,-122.07785886874828
1602,083631109,08363,De Anza,37.41164830953413,-122.07836071972194
1603,083631110,08363,De Anza,37.40586232314227,-122.07706121818266
1604,083631111,08363,De Anza,37.39689881262976,-122.05432084911565
1605,083631112,08363,De Anza,37.40444519801465,-122.04943247507326
1606,083671103,08367,De Anza,37.33751203782288,-122.01517401011652
1607,083671104,08367,De Anza,37.31187200525862,-122.00696362432281
1608,083671105,08367,De Anza,37.32095213747061,-122.0177491454302
1609,083671106,08367,De Anza,37.3420020987724,-122.00489222474432
1610,083671107,08367,De Anza,37.35059397513039,-122.01754695001365
1611,083671108,08367,De Anza,37.336210141479555,-122.01394834038516
1612,083671109,08367,De Anza,37.31717164234803,-122.02487042470882
1613,083671110,08367,De Anza,37.33919298817137,-122.02284310572232
1614,083671113,08367,De Anza,37.356036624196335,-122.04146367482402
1615,083671114,08367,De Anza,37.371405966771675,-122.03436650609427
1616,083692104,08369,Central Coast,36.9744188397454,-121.83330790759233
1617,083692105,08369,Central Coast,36.95906369170999,-121.8775987235038
1618,083701101,08370,San Jose,37.29707193111843,-121.89144888520552
1619,083701104,08370,San Jose,37.32962345573215,-121.88659032339964
1620,083701105,08370,San Jose,37.30467503387117,-121.86460240247136
1621,083701107,08370,San Jose,37.3243168985489,-121.87705119828117
1622,083701108,08370,San Jose,37.314338020563525,-121.86594057534406
1623,083701109,08370,San Jose,37.30182163944092,-121.87965732473903
1624,083701110,08370,San Jose,37.31201455971596,-121.8916438214929
1625,083771101,08377,De Anza,37.251519938356424,-121.95722725339678
1626,083771102,08377,De Anza,37.24272429516459,-121.98343888754191
1627,083771103,08377,De Anza,37.26874100028591,-121.98034596876926
1628,083771104,08377,De Anza,37.2665397647031,-121.9583283976768
1629,083771105,08377,De Anza,37.27572627848203,-121.95453590893504
1630,083771106,08377,De Anza,37.234575792869975,-121.97648455594509
1631,083771108,08377,De Anza,37.248665077126546,-121.9416793216188
1632,083801101,08380,San Jose,37.3954874358147,-121.92498449755851
1633,083801103,08380,San Jose,37.37495371540174,-121.90844734362653
1634,083801104,08380,San Jose,37.39540765030372,-121.93424246242924
1635,083801105,08380,San Jose,37.375040744419124,-121.91450520254388
1636,083801106,08380,San Jose,37.388465353189794,-121.9183317190903
1637,083801107,08380,San Jose,37.39412677236259,-121.91514075075447
1638,083801109,08380,San Jose,37.382854136437984,-121.91988526366333
1639,083801110,08380,San Jose,37.39303692644328,-121.92812372615603
1640,083801111,08380,San Jose,37.38969704621905,-121.934005172087
1641,083802114,08380,San Jose,37.400610212680064,-121.93127953862093
1642,083802115,08380,San Jose,37.39373165110555,-121.9200661842904
1643,083802116,08380,San Jose,37.3705241913779,-121.89328554782878
1644,083802117,08380,San Jose,37.402936090610176,-121.94345904024898
1645,083802118,08380,San Jose,37.38741662083052,-121.9289487166803
1646,083802119,08380,San Jose,37.37879820305748,-121.92035893891398
1647,083871105,08387,San Jose,37.34761438667945,-121.9209036595849
1648,083871108,08387,San Jose,37.37159013974946,-121.91925591366052
1649,083871109,08387,San Jose,37.35804675670665,-121.91555810906044
1650,083871111,08387,San Jose,37.36684976443942,-121.92573609450764
1651,083871112,08387,San Jose,37.331932967213184,-121.93227569315013
1652,083892101,08389,San Jose,37.40774785430011,-121.9083540598485
1653,083892102,08389,San Jose,37.38971974843577,-121.89451726424946
1654,083892103,08389,San Jose,37.41932530064477,-121.91547821076625
1655,083892104,08389,San Jose,37.39227417865294,-121.90464351153685
1656,083892105,08389,San Jose,37.410510803970716,-121.91943248887229
1657,083892106,08389,San Jose,37.39692791431207,-121.89275091952399
1658,083892107,08389,San Jose,37.40230325381901,-121.91133741082227
1659,083892108,08389,San Jose,37.42701176358372,-121.90601987474923
1660,083892109,08389,San Jose,37.394230708176906,-121.88747116942217
1661,083901101,08390,De Anza,37.42189528172821,-122.07597843973254
1662,083901102,08390,De Anza,37.42958067801371,-122.0981330657238
1663,083912109,08391,San Jose,37.270425011529724,-121.8054647241153
1664,083912110,08391,San Jose,37.2899091034328,-121.77908717251289
1665,083912111,08391,San Jose,37.25824857930221,-121.7807295964274
1666,101321101,10132,North Valley,41.011541249390525,-121.89834411409028
1667,102041101,10204,North Valley,39.72384592477459,-121.80592697395325
1668,102041102,10204,North Valley,39.729734177806925,-121.81901095269629
1669,102041103,10204,North Valley,39.70261866356577,-121.75635767384183
1670,102041104,10204,North Valley,39.81698327300025,-121.69180742966104
1671,102050401,10205,North Valley,39.7219952952067,-121.82684609436194
1672,102050402,10205,North Valley,39.727864768467306,-121.82931183303732
1673,102051101,10205,North Valley,39.72061259917019,-121.816690858509
1674,102051102,10205,North Valley,39.736574825226164,-121.85035125254076
1675,102051103,10205,North Valley,39.722877318952655,-121.83192190688733
1676,102111101,10211,North Valley,39.789964732356715,-122.0898909221331
1677,102111102,10211,North Valley,39.77885556229995,-122.07273757837459
1678,102121101,10212,North Valley,39.792696745518064,-121.97499359681252
1679,102121102,10212,North Valley,39.70312797164247,-121.95372681537435
1680,102171101,10217,North Valley,39.55587880743947,-121.71371331336223
1681,102171102,10217,North Valley,39.59997132992099,-121.78551975558346
1682,102171103,10217,North Valley,39.61430886102544,-121.76357329419616
1683,102211103,10221,North Valley,39.949788633452286,-121.30222890958645
1684,102361101,10236,North Valley,40.280054859187956,-121.08021035078104
1685,102491101,10249,North Valley,39.725271417351806,-121.84803559065915
1686,102491102,10249,North Valley,39.72594298033432,-121.84895094511782
1687,102491103,10249,North Valley,39.727026949914375,-121.86448181222025
1688,102491105,10249,North Valley,39.738654963033696,-121.84742844250204
1689,102491106,10249,North Valley,39.729529353341476,-121.8378596124837
1690,102520402,10252,North Valley,39.505683782612174,-121.55890191376375
1691,102520403,10252,North Valley,39.511599692378354,-121.56765307747042
1692,102521101,10252,North Valley,39.51851309415829,-121.59938019377879
1693,102521102,10252,North Valley,39.5089061649159,-121.55518357639443
1694,102521103,10252,North Valley,39.62000533897991,-121.6312381071091
1695,102521104,10252,North Valley,39.510755744345744,-121.54181561128678
1696,102530401,10253,North Valley,40.03256609097535,-121.11845170215679
1697,102541101,10254,North Valley,40.43323325239128,-121.8665949863983
1698,102541102,10254,North Valley,40.5247057592848,-121.95032146325336
1699,102551101,10255,North Valley,39.943792698894285,-120.91402264963517
1700,102601101,10260,North Valley,39.765172673535,-122.1677523883255
1701,102650401,10265,North Valley,39.74364424169608,-121.83745162212311
1702,102701101,10270,North Valley,39.74641460307051,-122.19742838239421
1703,102701102,10270,North Valley,39.74698522983806,-122.14036780438278
1704,102701103,10270,North Valley,39.710430786116405,-122.10238693050421
1705,102701103,10270,North Valley,39.69761601575727,-122.17791202218625
1706,102741101,10274,North Valley,39.52804963471476,-122.21114504016654
1707,102741103,10274,North Valley,39.51530491129234,-122.20874284961141
1708,102741104,10274,North Valley,39.523114265036696,-122.18767146992128
1709,102781101,10278,North Valley,39.27367314346349,-122.48723156918133
1710,102812101,10281,North Valley,40.11998443647991,-120.79253980425649
1711,102831102,10283,North Valley,39.75358751079973,-121.60757977647005
1712,102831103,10283,North Valley,39.75710396992711,-121.62227398935815
1713,102831104,10283,North Valley,39.740148395080666,-121.58840071176893
1714,102831105,10283,North Valley,39.80092803695738,-121.6004327237361
1715,102831106,10283,North Valley,39.785761140019545,-121.60046932546732
1716,102841101,10284,North Valley,39.78121033082519,-121.97116935484046
1717,102841102,10284,North Valley,39.807873618007925,-121.95329887282581
1718,102841105,10284,North Valley,39.77991045447446,-121.87469146757986
1719,102841106,10284,North Valley,39.81773947831412,-121.90837516166509
1720,102851101,10285,North Valley,39.633499773107125,-122.00829657423344
1721,102851102,10285,North Valley,39.4955100655823,-122.01380144159496
1722,102911102,10291,North Valley,39.52531382152497,-121.56041570330387
1723,102911103,10291,North Valley,39.62865735543432,-121.3549569398059
1724,102911105,10291,North Valley,39.51661300887198,-121.54238112521001
1725,102911106,10291,North Valley,39.37159096642371,-121.59527430158784
1726,102911107,10291,North Valley,39.431949103067616,-121.46594701269647
1727,102911109,10291,North Valley,39.4274823338456,-121.50358699185273
1728,102911110,10291,North Valley,39.50176308143931,-121.5257233571973
1729,102931101,10293,North Valley,40.33689389065592,-122.4360670214568
1730,102931102,10293,North Valley,40.38420293987035,-122.34491394633696
1731,102931103,10293,North Valley,40.34733641821169,-122.30627149859295
1732,102940401,10294,North Valley,39.72295076864249,-121.84227522333298
1733,102971101,10297,North Valley,39.763377628647284,-121.86330216049986
1734,102971102,10297,North Valley,39.77183077683315,-121.82812068072587
1735,102971103,10297,North Valley,39.75846316675208,-121.81077292921964
1736,102971104,10297,North Valley,39.75145371322757,-121.81471402344641
1737,102971105,10297,North Valley,39.75277540637306,-121.82212510486939
1738,102971107,10297,North Valley,39.7635672330377,-121.83243678501381
1739,102971109,10297,North Valley,39.759267446371446,-121.80206726034365
1740,102971110,10297,North Valley,39.7557385022739,-121.86289994825962
1741,102971111,10297,North Valley,39.841707869798185,-121.819735339105
1742,103021101,10302,North Valley,40.014615131040756,-120.96147992169313
1743,103031101,10303,North Valley,39.866357503847695,-121.60021923053776
1744,103031102,10303,North Valley,39.87082156031873,-121.68541710606657
1745,103031102,10303,North Valley,40.08671849057394,-121.53182545764237
1746,103071103,10307,North Valley,39.75329510508462,-121.90038797940764
1747,103071104,10307,North Valley,39.73545512666782,-121.89688774826647
1748,103071105,10307,North Valley,39.77135030815931,-121.87621994726352
1749,103071106,10307,North Valley,39.745641055480355,-121.87044672730137
1750,103081103,10308,North Valley,39.64613834406848,-121.79705887320702
1751,103081104,10308,North Valley,39.67217651816773,-121.81884629395813
1752,103081105,10308,North Valley,39.75036743492501,-121.68346635375468
1753,103081106,10308,North Valley,39.716855113534564,-121.8603031927743
1754,103081107,10308,North Valley,39.69338192927866,-121.89199267713285
1755,103091101,10309,North Valley,39.653233041434916,-121.63726792086706
1756,103091102,10309,North Valley,39.698026714713606,-121.60466794017026
1757,103142101,10314,North Valley,39.538805856010235,-122.26052822641843
1758,103142102,10314,North Valley,39.64031806723449,-122.2345524286638
1759,103142103,10314,North Valley,39.52410366324422,-122.2474790665108
1760,103181101,10318,North Valley,40.31638880774912,-121.24061730253312
1761,103181102,10318,North Valley,40.294902870444034,-121.23718526359
1762,103191101,10319,North Valley,39.36920646006112,-121.33374300974072
1763,103201101,10320,North Valley,39.53254848166777,-121.16163994229073
1764,103201102,10320,North Valley,39.44150524735967,-121.26300353927539
1765,103211101,10321,North Valley,39.348362476191106,-121.68421567343445
1766,103211102,10321,North Valley,39.22870029263874,-121.59902154320285
1767,103221101,10322,North Valley,39.5693211730179,-121.30588573275138
1768,103241101,10324,North Valley,39.36213177287571,-121.86610113952786
1769,103241102,10324,North Valley,39.39638989276901,-121.6788002992978
1770,103241103,10324,North Valley,39.44208171948094,-121.66514265926445
1771,103251101,10325,North Valley,39.46472685533049,-121.7073894020687
1772,103261101,10326,North Valley,40.444242856233856,-122.30205453723076
1773,103261102,10326,North Valley,40.45103393231144,-122.29298665764149
1774,103261103,10326,North Valley,40.49134625426641,-122.25755886594817
1775,103271101,10327,North Valley,40.92294625282569,-122.40317211679779
1776,103301101,10330,North Valley,40.586481617583395,-121.09011997510409
1777,103311101,10331,North Valley,40.92854435471774,-121.71410286379651
1778,103311102,10331,North Valley,40.886128465587824,-121.66765008021368
1779,103321101,10332,North Valley,40.769665881110484,-121.9671723389951
1780,103331101,10333,North Valley,39.95710917892398,-122.25615981598034
1781,103331102,10333,North Valley,39.93419087636526,-122.58537520450619
1782,103331103,10333,North Valley,39.881145983579856,-122.17635725304781
1783,103331104,10333,North Valley,39.907348408302354,-122.10304568760162
1784,103341101,10334,North Valley,40.13495532339442,-122.1078276453684
1785,103351101,10335,North Valley,40.63144781038173,-122.11234582104709
1786,103351104,10335,North Valley,40.485329630015265,-122.22719758530756
1787,103381101,10338,North Valley,40.70668583840728,-122.65356600822803
1788,103381102,10338,North Valley,40.651492712038355,-122.58452379116517
1789,103391101,10339,North Valley,39.9868535036826,-122.16156479514513
1790,103391102,10339,North Valley,40.06167540402371,-122.18251798701712
1791,103401101,10340,North Valley,40.51064418991827,-122.38014867083064
1792,103401102,10340,North Valley,40.5775281665353,-122.45573972496891
1793,103441101,10344,North Valley,40.440376776334496,-122.52694422638358
1794,103441102,10344,North Valley,40.43422948351468,-122.40761002007626
1795,103441103,10344,North Valley,40.486613679422604,-122.32782442860804
1796,103451101,10345,North Valley,40.612748349084065,-122.57240570115268
1797,103461101,10346,North Valley,40.38452451522123,-122.20609329368413
1798,103461102,10346,North Valley,40.42660458729632,-122.24133992093124
1799,103481101,10348,North Valley,40.04302156176471,-122.10429851646919
1800,103481102,10348,North Valley,39.9803137336019,-122.09804277783864
1801,103491101,10349,North Valley,41.12932784368171,-121.19227893632262
1802,103491102,10349,North Valley,41.040699054572286,-121.35893974838328
1803,103501101,10350,North Valley,40.8597850063026,-121.99154854445952
1804,103521102,10352,North Valley,40.623420460235906,-122.36833647545589
1805,103521103,10352,North Valley,40.616669389130514,-122.3358658962849
1806,103521104,10352,North Valley,40.57210436655449,-122.29983368991918
1807,103531103,10353,North Valley,40.191802872436064,-122.21092042365962
1808,103541101,10354,North Valley,40.224435130615,-122.36360744240035
1809,103541102,10354,North Valley,40.17574253861422,-122.23799255665323
1810,103541103,10354,North Valley,40.16969346421413,-122.32834697896239
1811,103541104,10354,North Valley,40.24133976627818,-122.28053862659115
1812,103541105,10354,North Valley,40.20762342613652,-122.21076369932842
1813,103551101,10355,North Valley,40.85581636443367,-121.52600901498226
1814,103561101,10356,North Valley,40.72535166336571,-122.32023399005823
1815,103561102,10356,North Valley,40.704637236831594,-122.263143427221
1816,103571103,10357,North Valley,40.15291149377131,-122.22160971280884
1817,103571104,10357,North Valley,40.12948697078184,-122.19144212851211
1818,103571105,10357,North Valley,40.17393832358426,-122.42780843273637
1819,103581101,10358,North Valley,39.87232527363981,-122.04152048613501
1820,103601101,10360,North Valley,40.65183534063485,-121.88125448866643
1821,103611101,10361,North Valley,40.39758285097589,-122.88448906789307
1822,103721101,10372,North Valley,41.03326309811728,-121.48498148733815
1823,103732101,10373,North Valley,41.00166914150017,-121.63327708571394
1824,103751101,10375,North Valley,39.79150850146897,-121.50941020498124
1825,103751102,10375,North Valley,39.68325207190775,-121.3254287533889
1826,152011102,15201,Sacramento,39.14836207395857,-121.5940081437278
1827,152011103,15201,Sacramento,39.12570638688912,-121.58465988370484
1828,152011104,15201,Sacramento,39.14655591239601,-121.58128636622853
1829,152011105,15201,Sacramento,39.1213389149715,-121.52904075699381
1830,152011106,15201,Sacramento,39.13925656515669,-121.58979592770352
1831,152011107,15201,Sacramento,39.14340879038031,-121.60681537127716
1832,152011108,15201,Sacramento,39.15174752443374,-121.52902373251742
1833,152031101,15203,Sierra,39.156829886841756,-121.05357483150766
1834,152031102,15203,Sierra,39.21020438871996,-121.06559401836573
1835,152031103,15203,Sierra,39.18480677364857,-121.08049041164507
1836,152061101,15206,Sierra,38.787497390353174,-121.220696590691
1837,152061102,15206,Sierra,38.74879021206157,-121.32619329966636
1838,152061103,15206,Sierra,38.78487844655588,-121.24598489226418
1839,152061104,15206,Sierra,38.79707770172874,-121.22839342600552
1840,152101101,15210,Sierra,39.5215396704216,-120.83113839534438
1841,152101101,15210,Sierra,39.50351279844078,-120.89051390283296
1842,152101102,15210,Sierra,39.37327738277834,-120.79303179608156
1843,152111101,15211,Sacramento,39.062389233508,-121.72691522339308
1844,152111102,15211,Sacramento,39.07257875726813,-121.67500736809563
1845,152111103,15211,Sacramento,39.112633227252026,-121.69717940146636
1846,152151101,15215,Sacramento,38.86340579542082,-121.53885693993826
1847,152151102,15215,Sacramento,38.92367590501404,-121.53024293320503
1848,152151103,15215,Sacramento,38.94707459707051,-121.49861058149023
1849,152161101,15216,Sierra,38.890777368008486,-121.05997215436358
1850,152161102,15216,Sierra,38.904272841927224,-121.06897071394027
1851,152181101,15218,Sierra,38.99803028270635,-120.87147240842755
1852,152181102,15218,Sierra,39.0264834517089,-120.85793431241547
1853,152201101,15220,Sierra,39.421772262845145,-121.0030650058448
1854,152201102,15220,Sierra,39.44311792073769,-120.99507290902605
1855,152241101,15224,Sierra,39.00004085515893,-121.01933126545998
1856,152241102,15224,Sierra,38.959927751468754,-121.03026811196818
1857,152251101,15225,Sierra,39.316016228229664,-120.62906662434388
1858,152261103,15226,Sierra,38.70635301331314,-120.84024198042059
1859,152261104,15226,Sierra,38.653007207295204,-120.8376176896562
1860,152261105,15226,Sierra,38.67295170739045,-120.85785607448786
1861,152261106,15226,Sierra,38.65936631374837,-120.76362897753215
1862,152261107,15226,Sierra,38.712966222479885,-120.88757222301693
1863,152271101,15227,Sierra,38.87846725478846,-121.1109588477974
1864,152271102,15227,Sierra,38.889478106385184,-121.14507986430102
1865,152282101,15228,Sierra,38.83067128461858,-121.04062133269996
1866,152291101,15229,Sierra,39.315407223351365,-120.42567539751164
1867,152291102,15229,Sierra,39.31442959959346,-120.50848168788274
1868,152301101,15230,Sierra,39.211504108292914,-120.81969808514316
1869,152301102,15230,Sierra,39.18796190590117,-120.80932683276822
1870,152321101,15232,Sierra,39.25323841057223,-120.72471955261655
1871,152331105,15233,Sacramento,39.161862010562245,-121.58527371964426
1872,152331107,15233,Sacramento,39.15642289815785,-121.5741145505797
1873,152331108,15233,Sacramento,39.24640980939288,-121.5000821545094
1874,152431101,15243,Sierra,39.0853567185643,-120.99700188914869
1875,152431102,15243,Sierra,39.137140673012034,-120.92565072825454
1876,152442103,15244,Sierra,38.862309957071645,-121.28591354481651
1877,152442104,15244,Sierra,38.798575639032094,-121.28659308977596
1878,152442107,15244,Sierra,38.81355073843318,-121.29486483162972
1879,152442108,15244,Sierra,38.8556479673373,-121.26361509237695
1880,152442109,15244,Sierra,38.83050886072685,-121.27201006175113
1881,152442110,15244,Sierra,38.812323835410766,-121.34436480804209
1882,152442110,15244,Sierra,38.74826956046185,-121.37409891343027
1883,152442110,15244,Sierra,38.74919597938185,-121.37227865128598
1884,152461101,15246,Sierra,38.8978432949028,-121.07487814221015
1885,152461102,15246,Sierra,38.900288929027,-121.08690068459632
1886,152461103,15246,Sierra,38.921158420309055,-121.1048691673936
1887,152461104,15246,Sierra,38.918869683168296,-121.06490335190621
1888,152471101,15247,Sierra,39.37419925064192,-121.00108616527058
1889,152481102,15248,Sacramento,39.21485857275203,-120.93572192393303
1890,152481103,15248,Sacramento,39.25408276262985,-121.0148963027112
1891,152481104,15248,Sacramento,39.257229930943375,-121.0828754152358
1892,152481105,15248,Sacramento,39.23532698564582,-120.99659433329597
1893,152481106,15248,Sacramento,39.18616763809605,-121.01744316020326
1894,152481107,15248,Sacramento,39.22418544746905,-121.06374174760674
1895,152481110,15248,Sacramento,39.2353758716294,-121.06027703842474
1896,152491101,15249,Sierra,39.02767142915714,-120.9658298552634
1897,152491102,15249,Sierra,39.042261965245885,-121.00974685865852
1898,152531101,15253,Sierra,38.8732076663873,-121.0703612653335
1899,152561103,15256,Sierra,38.835655289820345,-121.13606952328159
1900,152561105,15256,Sierra,38.86908325411963,-121.14199931529672
1901,152561106,15256,Sierra,38.826366021173264,-121.20155240736402
1902,152561107,15256,Sierra,38.8089667775099,-121.15380339247523
1903,152571101,15257,Sierra,38.76556715834712,-121.18267462451726
1904,152571102,15257,Sierra,38.737932993036736,-121.17211413154445
1905,152571103,15257,Sierra,38.74247786799657,-121.21155821175387
1906,152571104,15257,Sierra,38.7461994416877,-121.15168994138709
1907,152571105,15257,Sierra,38.724124532561156,-121.21430797635854
1908,152571106,15257,Sierra,38.74651512343937,-121.17922112938486
1909,152581103,15258,Sierra,38.80454867418938,-121.21494325374991
1910,152581104,15258,Sierra,38.79591880589871,-121.22058060955959
1911,152582105,15258,Sierra,38.8039713368606,-121.25447159950933
1912,152582106,15258,Sierra,38.7691812008135,-121.21771125538773
1913,152582109,15258,Sierra,38.86932976217998,-121.27158721463755
1914,152582110,15258,Sierra,38.8198449271854,-121.24242053809354
1915,152591101,15259,Sierra,39.306643398591596,-120.38483151107695
1916,152591102,15259,Sierra,39.29782259058811,-120.33476313301156
1917,152691103,15269,Sierra,39.07999609277692,-121.12421337353491
1918,152691104,15269,Sierra,39.11902929483161,-121.05371695120382
1919,152691107,15269,Sierra,39.00903631069397,-121.07612469434582
1920,152691109,15269,Sierra,39.07023564037341,-121.20204861281782
1921,152691110,15269,Sierra,39.059163871101255,-121.02476466729165
1922,152701107,15270,Sierra,38.92490700270617,-121.11742211583662
1923,152701108,15270,Sierra,38.98165492562406,-121.10927286522835
1924,152701109,15270,Sierra,38.956921245863626,-121.06065589867725
1925,152701110,15270,Sierra,38.93057721217,-121.09364847146988
1926,152762101,15276,Sierra,38.742021699739624,-120.56944861899025
1927,152762102,15276,Sierra,38.754485409932535,-120.59952551006417
1928,152811102,15281,Sacramento,39.01082044536518,-121.42057756945562
1929,152811104,15281,Sacramento,39.00076158049144,-121.38680372323483
1930,152811105,15281,Sacramento,39.0579130424897,-121.38256358915413
1931,152851102,15285,Sacramento,39.149027132517915,-121.64765993957012
1932,152851104,15285,Sacramento,39.15041809414243,-121.63618879439005
1933,152851105,15285,Sacramento,39.11434719860053,-121.66147016672163
1934,152851106,15285,Sacramento,39.13806492142724,-121.65220711737358
1935,152851107,15285,Sacramento,39.141045203132336,-121.62612185197696
1936,152901101,15290,Sacramento,39.10161458290935,-121.58723887932489
1937,152901102,15290,Sacramento,39.08964822934652,-121.55336816606572
1938,152901103,15290,Sacramento,39.13651669478223,-121.52372058128155
1939,152901104,15290,Sacramento,39.097208367239965,-121.55621710318742
1940,152901105,15290,Sacramento,39.044289116480776,-121.45801292980876
1941,152921101,15292,Sacramento,39.25603196103644,-121.41361395748787
1942,153081109,15308,Sierra,38.7285290180295,-120.76213499575242
1943,153081110,15308,Sierra,38.76851536097701,-120.85668069108827
1944,153081111,15308,Sierra,38.719597835799455,-120.83130212699945
1945,153081112,15308,Sierra,38.72192952204377,-120.79072393411988
1946,153082106,15308,Sierra,38.82398965813944,-120.79184092124686
1947,153132101,15313,Sierra,39.24812138503124,-121.3647455300719
1948,153132102,15313,Sierra,39.233162996574194,-121.2184016058258
1949,153132105,15313,Sierra,39.231338565629414,-121.15217034620673
1950,153612103,15361,Sierra,38.615714542303856,-121.06420630437302
1951,153612104,15361,Sierra,38.696570124550774,-121.03944745430051
1952,153612105,15361,Sierra,38.65032154927587,-121.06732863398408
1953,153612106,15361,Sierra,38.678620810898146,-121.04737904737578
1954,153612109,15361,Sierra,38.69832233030836,-121.07359728833573
1955,153612110,15361,Sierra,38.70965659559554,-121.08999630419828
1956,153651103,15365,Sierra,38.64832501449047,-120.96523639041688
1957,153651104,15365,Sierra,38.60254499101213,-120.98627333694165
1958,153652105,15365,Sierra,38.712283190028,-120.99258431817536
1959,153652108,15365,Sierra,38.65663606747685,-120.99412294598532
1960,153652109,15365,Sierra,38.77071941002617,-120.93320439798538
1961,153652110,15365,Sierra,38.648500200227126,-120.91487632907823
1962,153661103,15366,Sierra,38.744912302517186,-120.6866809723205
1963,153661104,15366,Sierra,38.79825255955013,-120.71242431246692
1964,153662102,15366,Sierra,38.68899322084034,-120.72097899984881
1965,153701101,15370,Sierra,38.90482070645323,-121.27481617146694
1966,153701102,15370,Sierra,38.893011086725664,-121.30325117248778
1967,153701104,15370,Sierra,38.994548179274,-121.26551818806796
1968,153701105,15370,Sierra,38.85368053477319,-121.37962228127628
1969,153702108,15370,Sierra,38.9073618000944,-121.3286064685745
1970,153702109,15370,Sierra,38.88384445133988,-121.27470829689379
1971,153711101,15371,Sierra,38.98297496876799,-121.67216447319791
1972,153711102,15371,Sierra,39.003470800874894,-121.60990931951892
1973,153731101,15373,Sacramento,39.017854327215964,-121.49419472090435
1974,153731102,15373,Sacramento,39.05516023079806,-121.56708656556306
1975,153732106,15373,Sacramento,39.00097002086119,-121.54182728515455
1976,153732107,15373,Sacramento,39.04147205590471,-121.5619536584624
1977,153741101,15374,Sacramento,39.406177317814546,-121.22755088005391
1978,153751101,15375,Sacramento,39.16874009766279,-121.63275686561866
1979,153751102,15375,Sacramento,39.163494101694056,-121.66415509656271
1980,153751103,15375,Sacramento,39.170570503864816,-121.68102740186991
1981,153751104,15375,Sacramento,39.14187153214649,-121.72949396747228
1982,153751105,15375,Sacramento,39.15479184337675,-121.6311623966193
1983,153761102,15376,Sacramento,38.73570436077817,-121.48258769560447
1984,153761105,15376,Sacramento,38.82405351521406,-121.49157638607015
1985,153771101,15377,Sacramento,39.28897839124837,-121.64742555209939
1986,153771102,15377,Sacramento,39.25938504721118,-121.64832612586466
1987,153771104,15377,Sacramento,39.296272316773255,-121.8121263305978
1988,153781102,15378,Sacramento,39.12815890898839,-121.61727461049557
1989,153781103,15378,Sacramento,39.105812013892006,-121.63343115169482
1990,153781104,15378,Sacramento,39.09489568279374,-121.60795139874291
1991,153781105,15378,Sacramento,39.11189328232338,-121.65003498558438
1992,153781106,15378,Sacramento,39.10002074639422,-121.66531034616922
1993,153781107,15378,Sacramento,39.12901079727199,-121.60720897104079
1994,153781108,15378,Sacramento,39.06238523999969,-121.64323868105191
1995,153791101,15379,Sacramento,39.19741193092445,-121.2946733912212
1996,158031101,15803,Sierra,38.80565300610076,-120.04361974746314
1997,162071101,16207,Stockton,38.02975477257045,-121.12490024577737
1998,162071103,16207,Stockton,38.027726152697724,-121.04980782938564
1999,162071104,16207,Stockton,38.001490130630046,-121.08217749361467
2000,162081101,16208,Stockton,38.25415256031798,-121.44387042835196
2001,162081102,16208,Stockton,38.1982958448064,-121.46812838598954
2002,162091101,16209,Stockton,37.979436675085275,-121.5699620214587
2003,162091102,16209,Stockton,38.04399357877064,-121.50927794456769
2004,162091103,16209,Stockton,37.89477777033446,-121.51196470340881
2005,162111101,16211,Stockton,38.15886950376889,-121.31842087565869
2006,162111102,16211,Stockton,38.21834519726036,-121.26484256773695
2007,162161101,16216,Stockton,38.35056385670512,-120.77034879637222
2008,162161102,16216,Stockton,38.31661952448862,-120.71392437322515
2009,162211101,16221,Stockton,38.10801357009358,-120.69225480096614
2010,162231101,16223,Stockton,38.17192691266596,-121.16349714738628
2011,162231102,16223,Stockton,38.22289491807431,-121.20823843777623
2012,162300401,16230,Stockton,37.969341533966244,-121.2725247769602
2013,162300402,16230,Stockton,37.95686781177158,-121.27312019428592
2014,162300403,16230,Stockton,37.97286242147405,-121.29404862121314
2015,162370404,16237,Stockton,37.9424618100869,-121.28946839537946
2016,162370405,16237,Stockton,37.95952287923546,-121.2862595368386
2017,162370406,16237,Stockton,37.94536363452051,-121.27821602265703
2018,162370410,16237,Stockton,37.94200631468224,-121.26836724842147
2019,162371101,16237,Stockton,37.96719383310937,-121.28835451548211
2020,162371102,16237,Stockton,37.94659525976052,-121.31972023484639
2021,162371103,16237,Stockton,37.95342458924614,-121.2816954992294
2022,162371104,16237,Stockton,37.943828919258316,-121.27772583267945
2023,162371105,16237,Stockton,37.95820285233671,-121.28320519060755
2024,162371106,16237,Stockton,37.940422965243414,-121.28309774838321
2025,162371107,16237,Stockton,37.909281909335654,-121.31220041518628
2026,162371108,16237,Stockton,37.937159509741534,-121.2936396001749
2027,162371109,16237,Stockton,37.95969842914455,-121.3025050209245
2028,162371110,16237,Stockton,37.91360623379302,-121.32004860638875
2029,162371111,16237,Stockton,37.95180775101324,-121.29100482355892
2030,162421101,16242,Stockton,37.973425513966355,-121.3409521375906
2031,162421103,16242,Stockton,37.99817741406639,-121.35008696090098
2032,162421105,16242,Stockton,38.00057009893465,-121.34583406712201
2033,162421106,16242,Stockton,37.99848602750426,-121.31285723389578
2034,162422103,16242,Stockton,37.99274845924274,-121.32479143849878
2035,162422104,16242,Stockton,37.988485104502615,-121.34034879634284
2036,162422105,16242,Stockton,37.99652820595331,-121.35681623781332
2037,162422106,16242,Stockton,38.02627898021146,-121.3454523275943
2038,162422107,16242,Stockton,38.03220027412483,-121.3610198879133
2039,162422108,16242,Stockton,38.03398816400322,-121.33346765936098
2040,162611701,16261,Stockton,37.83191289965365,-121.23539174051066
2041,162611702,16261,Stockton,37.802187993313055,-121.21962766548198
2042,162611703,16261,Stockton,37.76795103078167,-121.22169804870136
2043,162611704,16261,Stockton,37.813443792591336,-121.20368768913168
2044,162611705,16261,Stockton,37.826482394910045,-121.19957526256977
2045,162611706,16261,Stockton,37.79483096549757,-121.23798875215589
2046,162611707,16261,Stockton,37.80223534977138,-121.2117450232285
2047,162611708,16261,Stockton,37.80442608341753,-121.25274637231796
2048,162671101,16267,Yosemite,37.579163979770826,-121.29237256288073
2049,162671102,16267,Yosemite,37.57963658092963,-121.20736827390036
2050,162671103,16267,Yosemite,37.50922919205107,-121.33113128490018
2051,162701701,16270,Stockton,37.82393327489802,-121.30552289620007
2052,162701702,16270,Stockton,37.78775947318965,-121.24860069125754
2053,162701703,16270,Stockton,37.79852900509161,-121.28228022669734
2054,162701706,16270,Stockton,37.81644952406108,-121.31356926423614
2055,162701707,16270,Stockton,37.78060075344705,-121.27594277867382
2056,162741101,16274,Yosemite,37.330731527824376,-121.04931355062425
2057,162741102,16274,Yosemite,37.31979292481263,-121.02396248717648
2058,162741105,16274,Yosemite,37.275762038894605,-121.09272136695299
2059,162741106,16274,Yosemite,37.34821118434079,-120.97980737324941
2060,162771101,16277,Stockton,37.707493049546535,-121.52959914077658
2061,162771102,16277,Stockton,37.71477366765606,-121.43449666419772
2062,162771103,16277,Stockton,37.70736011255345,-121.44285190057826
2063,162771104,16277,Stockton,37.69712770870765,-121.46689055093753
2064,162771105,16277,Stockton,37.742700149904465,-121.47066153263805
2065,162771106,16277,Stockton,37.73631819126377,-121.45045360884222
2066,162771107,16277,Stockton,37.755447284911085,-121.46567205102173
2067,162771108,16277,Stockton,37.727586155697544,-121.50396403673591
2068,162821701,16282,Yosemite,38.2093033766554,-120.36410474689423
2069,162821702,16282,Yosemite,38.267250915906864,-120.3266993845847
2070,162831702,16283,Yosemite,38.15586424898247,-120.05658440883185
2071,162880402,16288,Stockton,37.74965640413687,-121.42574664943098
2072,162880405,16288,Stockton,37.74326680693865,-121.42832237338276
2073,162881102,16288,Stockton,37.75490934199668,-121.3988215244596
2074,162881103,16288,Stockton,37.75629760757921,-121.45298591611557
2075,162881104,16288,Stockton,37.737959239400865,-121.42358855214525
2076,162881105,16288,Stockton,37.721246274932255,-121.42964209011213
2077,162881106,16288,Stockton,37.78316281685123,-121.46006832207578
2078,162881107,16288,Stockton,37.75764418262253,-121.4335695669458
2079,162881108,16288,Stockton,37.78680736044035,-121.37688866845552
2080,162881109,16288,Stockton,37.72554411073605,-121.42204092017295
2081,162881110,16288,Stockton,37.73900521600832,-121.39936771170888
2082,162881111,16288,Stockton,37.7396730135255,-121.44825399889024
2083,162881112,16288,Stockton,37.75110092779205,-121.46754966071933
2084,162981702,16298,Yosemite,37.83721980208187,-120.8360358834575
2085,162981703,16298,Yosemite,37.846166397329796,-120.89695416127812
2086,162981704,16298,Yosemite,37.88052009878815,-121.01807602340827
2087,162991101,16299,Stockton,38.184012071548715,-120.97022100910009
2088,162991102,16299,Stockton,38.14365891263696,-120.88693537789082
2089,162991103,16299,Stockton,38.10320139780084,-120.86200710709137
2090,163011101,16301,Stockton,38.403562074966295,-120.75530890578678
2091,163011102,16301,Stockton,38.36753561689705,-120.79518821009134
2092,163011103,16301,Stockton,38.35448211787705,-120.87675188571636
2093,163021102,16302,Stockton,38.09395930659416,-121.46370586661521
2094,163021103,16302,Stockton,38.17489098611679,-121.38480188323808
2095,163071101,16307,Stockton,37.95578936355836,-121.32708769831223
2096,163071102,16307,Stockton,37.967195010594295,-121.33542719903144
2097,163081102,16308,Stockton,37.94851438089281,-121.38057542809163
2098,163091104,16309,Stockton,37.65180565554274,-121.35976779923637
2099,163111101,16311,Yosemite,37.28671977825431,-120.94761927616918
2100,163111102,16311,Yosemite,37.251164857962344,-120.99879164204192
2101,163120401,16312,Stockton,37.97382167606791,-121.31357653688684
2102,163120402,16312,Stockton,37.96647309630364,-121.31101045526344
2103,163120403,16312,Stockton,37.978803065513425,-121.30893938197903
2104,163121101,16312,Stockton,37.973652420747314,-121.33579124776982
2105,163121102,16312,Stockton,37.98129585625043,-121.31862904910886
2106,163121103,16312,Stockton,37.99273268672777,-121.30280189639221
2107,163121104,16312,Stockton,37.989212439136246,-121.29885342660432
2108,163121105,16312,Stockton,37.9892313216562,-121.31666060269782
2109,163121106,16312,Stockton,37.97679159703558,-121.3228800976583
2110,163130401,16313,Stockton,37.95572799130204,-121.26728658887349
2111,163130402,16313,Stockton,37.967558111993114,-121.26015805986908
2112,163131101,16313,Stockton,37.972366477528055,-121.24119621969552
2113,163131102,16313,Stockton,37.95498017353779,-121.25274090882188
2114,163151101,16315,Stockton,38.092012673853795,-121.22886011316166
2115,163151102,16315,Stockton,38.044856563737675,-121.25138453349433
2116,163160401,16316,Yosemite,38.19677379871726,-119.97018608887596
2117,163191711,16319,Yosemite,37.754775877189466,-120.8840995121022
2118,163191712,16319,Yosemite,37.78365090446688,-120.912211707641
2119,163191713,16319,Yosemite,37.796115608632796,-120.9599278313361
2120,163191714,16319,Yosemite,37.762390840042606,-120.88622788947538
2121,163191715,16319,Yosemite,37.7693144076062,-120.93051547586816
2122,163191716,16319,Yosemite,37.73265518000989,-120.93965811236943
2123,163201101,16320,Stockton,38.50580898146305,-120.50038541769815
2124,163201102,16320,Stockton,38.385145107320234,-120.51387957922364
2125,163211101,16321,Stockton,37.98257823369042,-121.21185168546207
2126,163211102,16321,Stockton,37.910869617297095,-121.16582101063202
2127,163211103,16321,Stockton,37.95972693035008,-121.21216654388486
2128,163220401,16322,Stockton,37.9632307167478,-121.31667015651621
2129,163220402,16322,Stockton,37.95975384508519,-121.3175168263125
2130,163240401,16324,Yosemite,37.98439579012176,-120.37919812187901
2131,163240402,16324,Yosemite,37.98899062107055,-120.38335485672415
2132,163251101,16325,Yosemite,37.360372731402535,-121.07636461481636
2133,163251102,16325,Yosemite,37.37822246079921,-121.08538186387652
2134,163281101,16328,Stockton,38.16646207106507,-121.14679139631562
2135,163281102,16328,Stockton,38.20661969635108,-121.20870614789179
2136,163291101,16329,Stockton,37.855537858746736,-121.276853100626
2137,163291102,16329,Stockton,37.84771453479148,-121.37714759346481
2138,163291103,16329,Stockton,37.882353400481186,-121.28973415172516
2139,163291104,16329,Stockton,37.89892995747677,-121.29954113103453
2140,163301101,16330,Stockton,38.017006645104345,-121.32185425941786
2141,163301102,16330,Stockton,38.02446470611186,-121.30046730389932
2142,163301103,16330,Stockton,38.024593463999004,-121.31666083405364
2143,163301104,16330,Stockton,38.01155344738496,-121.30641472084777
2144,163301105,16330,Stockton,38.01886685417101,-121.33373335084731
2145,163301106,16330,Stockton,38.00301932023163,-121.29899923411898
2146,163301108,16330,Stockton,38.011113607450355,-121.32739090425957
2147,163301109,16330,Stockton,38.02532303874025,-121.32392751522787
2148,163310401,16331,Stockton,37.960127848402905,-121.28864007963313
2149,163310402,16331,Stockton,37.960315537239865,-121.30683465852694
2150,163310403,16331,Stockton,37.95814832954451,-121.28435656929567
2151,163310404,16331,Stockton,37.96500199712959,-121.29614867583527
2152,163310405,16331,Stockton,37.967353000325026,-121.29645245508843
2153,163310406,16331,Stockton,37.96230853009789,-121.29932581564435
2154,163341101,16334,Stockton,38.38261960617351,-120.91109559390682
2155,163341102,16334,Stockton,38.3339100701031,-120.94182058378779
2156,163341103,16334,Stockton,38.311393655388365,-120.94428228053563
2157,163351701,16335,Yosemite,37.990179525494064,-120.347591834464
2158,163351702,16335,Yosemite,37.97261625869019,-120.26153458053811
2159,163351703,16335,Yosemite,37.93983834798184,-120.26984512237206
2160,163351704,16335,Yosemite,38.04860113474526,-120.40867658239777
2161,163351705,16335,Yosemite,37.99415646657163,-120.25845820035015
2162,163451701,16345,Stockton,38.1870823456452,-120.43093080446536
2163,163451702,16345,Stockton,37.97404873358557,-120.69272707151751
2164,163481101,16348,Stockton,37.90923138409791,-121.26542685481762
2165,163481102,16348,Stockton,37.85690686327387,-121.15484458946321
2166,163481103,16348,Stockton,37.916331556092175,-121.24804971071916
2167,163481105,16348,Stockton,37.952061508980954,-121.25016549106259
2168,163481107,16348,Stockton,37.88680135437393,-121.21997178961354
2169,163481108,16348,Stockton,37.90688417010228,-121.23952311668057
2170,163481109,16348,Stockton,37.877673599077,-121.1485742298279
2171,163481110,16348,Stockton,37.92455577392126,-121.23150426084389
2172,163481111,16348,Stockton,37.91780014080344,-121.2598981289177
2173,163481113,16348,Stockton,37.912716979713004,-121.2385474176425
2174,163481114,16348,Stockton,37.93793199741286,-121.24410560491513
2175,163481115,16348,Stockton,37.83419387025434,-121.25416043085725
2176,163541101,16354,Stockton,38.480995725623764,-120.84629048440338
2177,163541102,16354,Stockton,38.51331395065168,-120.83094993924976
2178,163561101,16356,Stockton,38.466193316583734,-120.04995186007756
2179,163561102,16356,Stockton,38.46587402829538,-120.04466689461586
2180,163571701,16357,Stockton,37.81996267437692,-121.11692764757476
2181,163571702,16357,Stockton,37.913169355959496,-121.03833045075365
2182,163621101,16362,Stockton,37.97388747093022,-121.29917794055027
2183,163621102,16362,Stockton,37.97665293585901,-121.26068330080699
2184,163621103,16362,Stockton,37.99414114363942,-121.28991503109435
2185,163651101,16365,Stockton,38.001321511336876,-121.23862046718459
2186,163651102,16365,Stockton,38.00717765431209,-121.21751797547228
2187,163661701,16366,Yosemite,38.07520836187776,-120.14741041492323
2188,163661702,16366,Yosemite,38.02860828849264,-120.26439851786235
2189,163682101,16368,Stockton,38.116811938675795,-121.24369448918941
2190,163682102,16368,Stockton,38.245193505295966,-121.10075356512759
2191,163692101,16369,Stockton,38.49333092612755,-120.04510678124478
2192,163692102,16369,Stockton,38.35843779595389,-120.20633444762237
2193,163701109,16370,Stockton,38.08677514154506,-121.24597819766728
2194,163701110,16370,Stockton,38.08645127330801,-121.29441077267673
2195,163711701,16371,Yosemite,37.790106618432404,-120.74086076052394
2196,163711702,16371,Yosemite,37.788510354682636,-120.802870271703
2197,163711703,16371,Yosemite,37.732740140637276,-120.76029505728842
2198,163711704,16371,Yosemite,37.76313868373739,-120.84227148796623
2199,163711707,16371,Yosemite,37.70507334779664,-120.87566358841654
2200,163711708,16371,Yosemite,37.636314020435805,-120.54965435358136
2201,163722104,16372,Stockton,38.019036377020655,-121.2835100830667
2202,163722105,16372,Stockton,38.02339740946436,-121.26676181560227
2203,163722107,16372,Stockton,38.034458673448796,-121.29031109022944
2204,163722108,16372,Stockton,38.03852519779399,-121.26108250830947
2205,163722110,16372,Stockton,38.01607115794824,-121.29003730226998
2206,163722111,16372,Stockton,38.020996741580916,-121.2761369709979
2207,163741102,16374,Stockton,37.775460647170675,-121.51876396600241
2208,163741103,16374,Stockton,37.82073995611015,-121.51486613024494
2209,163751101,16375,Stockton,38.39955424345263,-120.70847735853381
2210,163751102,16375,Stockton,38.49071541531472,-120.58660185830016
2211,163761703,16376,Yosemite,38.02739357387711,-120.39691452918301
2212,163761704,16376,Yosemite,37.984901203349885,-120.45550419882433
2213,163781701,16378,Yosemite,37.903696936082746,-120.43214251899082
2214,163781704,16378,Yosemite,37.942582487830435,-120.61628616802578
2215,163781705,16378,Yosemite,37.95573508559384,-120.42825681797935
2216,163801701,16380,Stockton,37.79793853927114,-121.11346588499376
2217,163801702,16380,Stockton,37.75766850688352,-121.11036080692337
2218,163801703,16380,Stockton,37.697674386867455,-121.1841736951448
2219,163801704,16380,Stockton,37.781066814495794,-121.19475041462805
2220,163881101,16388,Stockton,38.36206856153044,-120.99039258003558
2221,163912101,16391,Stockton,38.145705936610184,-121.33346251143783
2222,163912102,16391,Stockton,38.04977677878886,-121.25133366347696
2223,163912103,16391,Stockton,38.050523296838335,-121.38094612650697
2224,163912104,16391,Stockton,38.04171080386818,-121.35714301589958
2225,163912105,16391,Stockton,38.0444462151673,-121.34657976231242
2226,163912106,16391,Stockton,38.057901634140045,-121.37852516951293
2227,168891101,16889,Stockton,38.20655874500148,-120.86666684086117
2228,168891102,16889,Stockton,38.2838721969817,-120.67736047622118
2229,169951101,16995,Stockton,37.69660401448215,-121.4093751458381
2230,169951102,16995,Stockton,37.696386250540215,-121.40944646270671
2231,169951104,16995,Stockton,37.69640423659053,-121.40938150061213
2232,169951105,16995,Stockton,37.69656543758952,-121.40935948435852
2233,182011101,18201,Central Coast,36.675553018130515,-121.64730900634387
2234,182011102,18201,Central Coast,36.682208190632196,-121.62007803099226
2235,182011103,18201,Central Coast,36.70252473592198,-121.65244285368198
2236,182011104,18201,Central Coast,36.63809720722155,-121.67062227612638
2237,182011104,18201,Central Coast,36.670404890727305,-121.67993672604763
2238,182011105,18201,Central Coast,36.70998501380623,-121.61094987610954
2239,182011106,18201,Central Coast,36.651693583793,-121.66161525133656
2240,182011107,18201,Central Coast,36.66372259414182,-121.64345758892867
2241,182011108,18201,Central Coast,36.67051779734027,-121.64201806700173
2242,182011109,18201,Central Coast,36.67450420357273,-121.58030322678157
2243,182031101,18203,Central Coast,36.20503403328915,-121.12409412774922
2244,182031102,18203,Central Coast,36.25988202423202,-121.11313913681455
2245,182031103,18203,Central Coast,36.209570478970015,-121.13960213931091
2246,182031104,18203,Central Coast,36.17845276273714,-121.11088038388758
2247,182031105,18203,Central Coast,36.22697552594377,-121.13223063297352
2248,182031105,18203,Central Coast,36.221718532907396,-121.1301044857371
2249,182031106,18203,Central Coast,36.249573019084536,-120.92029410429149
2250,182052101,18205,Central Coast,36.3729535810203,-121.23822459972627
2251,182052102,18205,Central Coast,36.38227162166243,-121.3249330302016
2252,182052104,18205,Central Coast,36.457521558823274,-121.33839123028677
2253,182052105,18205,Central Coast,36.45293542221153,-121.36600824501085
2254,182061103,18206,Los Padres,34.913269256471004,-120.42219119889228
2255,182061104,18206,Los Padres,34.89604216267479,-120.4330173257552
2256,182061106,18206,Los Padres,34.92646006346999,-120.45037934463194
2257,182061107,18206,Los Padres,34.92068726868961,-120.46930032359428
2258,182061108,18206,Los Padres,34.91681571047986,-120.44270539972396
2259,182071101,18207,Central Coast,36.48780111563384,-121.4368035557163
2260,182082101,18208,Central Coast,36.34588511242957,-121.26083091417479
2261,182082102,18208,Central Coast,36.24276109671852,-121.16026787507872
2262,182082103,18208,Central Coast,36.29435597196999,-121.28308029610646
2263,182131101,18213,Central Coast,36.52219478157318,-121.43607793679472
2264,182131102,18213,Central Coast,36.50679495881012,-121.4485058206736
2265,182131103,18213,Central Coast,36.48989308723767,-121.46285642382058
2266,182131104,18213,Central Coast,36.565674957959814,-121.52818825340337
2267,182151101,18215,Central Coast,36.33817660685636,-121.3669924053994
2268,182151102,18215,Central Coast,36.33920979562409,-121.27667717148836
2269,182191101,18219,Central Coast,36.145763817942225,-121.0682918599347
2270,182191102,18219,Central Coast,36.06232399862831,-120.64443533262114
2271,182201102,18220,Central Coast,36.61044755801064,-121.50794859533225
2272,182201103,18220,Central Coast,36.63401034092395,-121.55158281219427
2273,182201104,18220,Central Coast,36.582576671216,-121.53291894184841
2274,182201105,18220,Central Coast,36.641508671770005,-121.57895989451643
2275,182222101,18222,Central Coast,36.61947944623235,-121.8387494222515
2276,182222102,18222,Central Coast,36.6174770900126,-121.81536901112415
2277,182222103,18222,Central Coast,36.589379265460195,-121.87885069754557
2278,182222103,18222,Central Coast,36.58437552648468,-121.8890286768444
2279,182222104,18222,Central Coast,36.57022445572776,-121.83615028311348
2280,182222105,18222,Central Coast,36.59950276359473,-121.86715525795583
2281,182261101,18226,Central Coast,36.65753485109404,-121.62728975665219
2282,182261102,18226,Central Coast,36.62775655602669,-121.64401132136332
2283,182261103,18226,Central Coast,36.652859876022454,-121.63792812522911
2284,182261104,18226,Central Coast,36.661397087126616,-121.62013665220161
2285,182261106,18226,Central Coast,36.64191660271072,-121.61887590746963
2286,182291101,18229,Central Coast,36.50463964692116,-121.86825419029164
2287,182291102,18229,Central Coast,36.497827824497044,-121.9215140857915
2288,182300411,18230,Central Coast,36.660929544812255,-121.63045332764871
2289,182300412,18230,Central Coast,36.68083415096534,-121.62256300249899
2290,182300413,18230,Central Coast,36.673245168813544,-121.63539174438273
2291,182300415,18230,Central Coast,36.67121798282166,-121.62335468501949
2292,182331101,18233,Central Coast,36.69396612960422,-121.566149899902
2293,182331102,18233,Central Coast,36.71578382698023,-121.64322243141872
2294,182352103,18235,Central Coast,36.7198382353901,-121.69018959206939
2295,182352104,18235,Central Coast,36.69071767246573,-121.77295066220586
2296,182371111,18237,Central Coast,36.448319070065644,-121.68639091579865
2297,182371112,18237,Central Coast,36.48967268805519,-121.71921642813334
2298,182381101,18238,Central Coast,36.83185610974785,-121.69745892526502
2299,182381104,18238,Central Coast,36.78966141884383,-121.7482298749981
2300,182391102,18239,Central Coast,36.01422235385731,-120.89071248849022
2301,182391103,18239,Central Coast,35.8036127427758,-121.09234590077628
2302,182401101,18240,Central Coast,36.68582115178579,-121.80014921278357
2303,182402105,18240,Central Coast,36.663860024373065,-121.80383783841911
2304,182402106,18240,Central Coast,36.65497227616444,-121.74149777850992
2305,182402107,18240,Central Coast,36.684471463294976,-121.79156295914748
2306,182402108,18240,Central Coast,36.64512597369051,-121.7998903823397
2307,182440421,18244,Central Coast,36.60885882181985,-121.9061650184846
2308,182440422,18244,Central Coast,36.59224151866765,-121.94790666597699
2309,182440423,18244,Central Coast,36.62113399458064,-121.92315450379643
2310,182440424,18244,Central Coast,36.618898805640185,-121.92640986832919
2311,182461101,18246,Central Coast,36.71342889731077,-121.67156739582
2312,182461102,18246,Central Coast,36.6824169862808,-121.66888141205757
2313,182492101,18249,Central Coast,36.838497428949395,-121.40234738034775
2314,182492102,18249,Central Coast,36.891341603990675,-121.4245221965469
2315,182492103,18249,Central Coast,36.841838602412096,-121.36649519785723
2316,182492104,18249,Central Coast,36.928090134600616,-121.37462045733008
2317,182492105,18249,Central Coast,36.665572801079335,-121.39491362266996
2318,182492106,18249,Central Coast,36.821113549146396,-121.3903582532468
2319,182541101,18254,Los Padres,35.46158251283818,-120.69129741895715
2320,182541102,18254,Los Padres,35.46518634042584,-120.64453748919954
2321,182541103,18254,Los Padres,35.4252874937816,-120.63198540621863
2322,182551101,18255,Los Padres,35.47259153742365,-120.91090354846392
2323,182551102,18255,Los Padres,35.39157187402475,-120.85296388138035
2324,182561101,18256,Los Padres,35.65781710758609,-120.18363029570718
2325,182562102,18256,Los Padres,35.54444701646761,-120.22900645654477
2326,182571101,18257,Los Padres,34.83163437098605,-120.41353553392892
2327,182571102,18257,Los Padres,34.85705223728561,-120.45091527454986
2328,182571103,18257,Los Padres,34.838742726927606,-120.5302782727252
2329,182581105,18258,Los Padres,35.29565349532321,-120.66830279115729
2330,182581107,18258,Los Padres,35.31812858513907,-120.70096223201666
2331,182581108,18258,Los Padres,35.29612841634536,-120.67241895848882
2332,182601102,18260,Los Padres,35.08791284770593,-120.55775405589749
2333,182601103,18260,Los Padres,35.118525428359234,-120.59161479721504
2334,182601104,18260,Los Padres,35.13818250543368,-120.56738213876153
2335,182601105,18260,Los Padres,35.12093479458821,-120.6111178208505
2336,182601106,18260,Los Padres,35.092722742437495,-120.57917199877532
2337,182601108,18260,Los Padres,35.119952899002286,-120.60417175474696
2338,182611101,18261,Los Padres,35.62021902463025,-120.69127163163614
2339,182611102,18261,Los Padres,35.63435572721759,-120.67166693662905
2340,182611103,18261,Los Padres,35.64428261613052,-120.72589207251508
2341,182611104,18261,Los Padres,35.62713779989579,-120.75264216488272
2342,182611106,18261,Los Padres,35.60898207704373,-120.64967351392312
2343,182611107,18261,Los Padres,35.67479256965021,-120.69888259982201
2344,182611108,18261,Los Padres,35.61832003887201,-120.66253096247425
2345,182631101,18263,Los Padres,35.28783033822947,-120.64881772929053
2346,182631102,18263,Los Padres,35.26295041570768,-120.68880399042027
2347,182631103,18263,Los Padres,35.23458028131621,-120.6473870873745
2348,182631104,18263,Los Padres,35.173344550164074,-120.52917723901017
2349,182631105,18263,Los Padres,35.26790894488883,-120.63746694565113
2350,182631107,18263,Los Padres,35.205130925215755,-120.72105396803694
2351,182631108,18263,Los Padres,35.26136354563132,-120.66895008079685
2352,182661105,18266,Los Padres,35.7524217613965,-120.68960475705006
2353,182661106,18266,Los Padres,35.78715082144515,-120.71039089443506
2354,182661107,18266,Los Padres,35.729920747384256,-120.69289104497038
2355,182671105,18267,Los Padres,34.97271041281411,-120.44436956533359
2356,182671106,18267,Los Padres,34.96367073811685,-120.43717326565614
2357,182671107,18267,Los Padres,34.9308330454142,-120.44539910392443
2358,182671108,18267,Los Padres,34.98496941769097,-120.32197442797556
2359,182671109,18267,Los Padres,34.95380692719288,-120.46947279257752
2360,182671110,18267,Los Padres,34.95307039710471,-120.57424331205897
2361,182671111,18267,Los Padres,34.93174396192542,-120.44047895624692
2362,182671112,18267,Los Padres,34.95490571902866,-120.39598941983242
2363,182681101,18268,Los Padres,34.69714527666648,-120.15231418548773
2364,182681102,18268,Los Padres,34.67321511899447,-120.07697184770316
2365,182721101,18272,Los Padres,34.59588034063778,-120.06582578998115
2366,182721102,18272,Los Padres,34.53107268949348,-120.06424072381238
2367,182721104,18272,Los Padres,34.642678459030236,-120.06075192047311
2368,182731101,18273,Central Coast,36.54779643879398,-121.67605670966202
2369,182731102,18273,Central Coast,36.523130218193884,-121.52116836785551
2370,182742101,18274,Central Coast,36.85883366822094,-121.54433781571642
2371,182742102,18274,Central Coast,36.86591936171683,-121.54637953613452
2372,182742104,18274,Central Coast,36.90287293131228,-121.66021939049232
2373,182801101,18280,Los Padres,35.323803022743014,-120.74950505161587
2374,182811101,18281,Los Padres,34.83857576578131,-120.327384792091
2375,182811102,18281,Los Padres,34.86004249508893,-120.27702066308314
2376,182811103,18281,Los Padres,34.901007862310344,-120.21756011431101
2377,182811104,18281,Los Padres,34.91378478869754,-120.38479471615155
2378,182821101,18282,Los Padres,35.05816966749177,-120.47921951358933
2379,182821102,18282,Los Padres,35.00996592414997,-120.48709654407892
2380,182821103,18282,Los Padres,35.04008249564833,-120.51540482761725
2381,182821104,18282,Los Padres,34.9572777742781,-120.5145297597545
2382,182852201,18285,Central Coast,36.586943953856895,-121.92191211320882
2383,182852202,18285,Central Coast,36.57920850164191,-121.9723107913378
2384,182852203,18285,Central Coast,36.55213327351277,-121.91983502885392
2385,182852204,18285,Central Coast,36.59682254071529,-121.89608219666498
2386,182852204,18285,Central Coast,36.60324239461496,-121.9280138355253
2387,182941101,18294,Central Coast,36.38122334804326,-121.86396411721863
2388,182941102,18294,Central Coast,36.262043081089814,-121.79384697311576
2389,182951101,18295,Los Padres,35.282373486571004,-120.74652627862251
2390,182951102,18295,Los Padres,35.25915400030886,-120.69425034616403
2391,182961107,18296,Central Coast,36.77949781432882,-121.6953331153066
2392,182961110,18296,Central Coast,36.788759658659934,-121.67656896387244
2393,182971101,18297,Los Padres,34.75103812084035,-120.322978682521
2394,182981102,18298,Central Coast,35.92674372587735,-121.0458317301306
2395,182981103,18298,Central Coast,35.97079845778769,-121.19862087102148
2396,183011101,18301,Los Padres,35.37266677662849,-120.8493326659473
2397,183011102,18301,Los Padres,35.372730594595104,-120.8455570239721
2398,183031101,18303,Los Padres,34.813923567061906,-120.29018790605822
2399,183041101,18304,Los Padres,34.64431122518752,-120.2046973084715
2400,183041102,18304,Los Padres,34.5951898330765,-120.17838709103
2401,183052108,18305,Los Padres,35.53289309330907,-120.70780124471106
2402,183052109,18305,Los Padres,35.62651003021076,-120.52165493226097
2403,183052110,18305,Los Padres,35.74397950446868,-120.99989795242578
2404,183052110,18305,Los Padres,35.55153553037361,-120.79531459011962
2405,183052111,18305,Los Padres,35.50399471398617,-120.69672766106682
2406,183052112,18305,Los Padres,35.570860128591995,-120.73834031330493
2407,183052113,18305,Los Padres,35.387275646061596,-120.52822986904309
2408,183071101,18307,Los Padres,35.56666836529776,-121.09789903908005
2409,183071104,18307,Los Padres,35.69732102869084,-121.2910797267841
2410,183101103,18310,Los Padres,34.66784826979641,-120.43561261630852
2411,183101104,18310,Los Padres,34.686193178700705,-120.5911096033975
2412,183181101,18318,Central Coast,36.798574169353216,-121.48983511140268
2413,183221111,18322,Central Coast,36.76287582919805,-121.34285073397969
2414,183582101,18358,Central Coast,37.06891179763235,-122.1325109428931
2415,192021105,19202,Humboldt,40.94490846353948,-124.10788243770642
2416,192021106,19202,Humboldt,40.86934320760885,-124.08903675673047
2417,192021121,19202,Humboldt,40.800944020632315,-123.9861019646064
2418,192021122,19202,Humboldt,40.81054223526403,-124.08546028230042
2419,192021123,19202,Humboldt,40.867593025248844,-124.14003031640192
2420,192101101,19210,Humboldt,40.72244944236058,-123.95650164865184
2421,192121103,19212,Humboldt,40.806188437083975,-124.15155337262838
2422,192121106,19212,Humboldt,40.78966118352912,-124.17961048655395
2423,192121107,19212,Humboldt,40.80155442588449,-124.17191762502969
2424,192151131,19215,Humboldt,40.580082585599406,-124.11538306248264
2425,192151132,19215,Humboldt,40.594352631834205,-124.15549508979228
2426,192151133,19215,Humboldt,40.60776613589743,-124.14667828458118
2427,192171101,19217,Humboldt,40.914516558443935,-123.82461841752503
2428,192171102,19217,Humboldt,40.96492718020653,-123.64128631081661
2429,192171103,19217,Humboldt,40.82116977777681,-123.49260413947172
2430,192181101,19218,Humboldt,40.860245875026095,-123.9814587170309
2431,192181102,19218,Humboldt,40.93618013004784,-124.01191566442857
2432,192221101,19222,Humboldt,40.022486741643675,-123.50930628450867
2433,192221102,19222,Humboldt,40.11453576459582,-123.94023871717407
2434,192221103,19222,Humboldt,40.10295129314545,-123.79431059091681
2435,192231101,19223,Humboldt,41.040300613958706,-124.10520930990926
2436,192231102,19223,Humboldt,41.07046002494769,-124.13575912700142
2437,192251102,19225,Humboldt,40.260304264404226,-124.04338062394704
2438,192261101,19226,Humboldt,41.332922803306346,-124.03121237150367
2439,192261102,19226,Humboldt,41.29171409127959,-124.06712596252943
2440,192291121,19229,Humboldt,40.48749353480032,-123.8981432819076
2441,192311141,19231,Humboldt,40.30596188187563,-123.89170793525267
2442,192311142,19231,Humboldt,40.23678077922395,-123.84754529647016
2443,192321121,19232,Humboldt,40.16317053658329,-123.62133298796913
2444,192321122,19232,Humboldt,40.21574277435169,-123.64115872074987
2445,192331101,19233,Humboldt,40.77801281336768,-124.17151646432053
2446,192331104,19233,Humboldt,40.78119865934425,-124.14800368089435
2447,192331105,19233,Humboldt,40.80087663796657,-124.17008076921857
2448,192341101,19234,Humboldt,40.72599562415154,-124.2154224060753
2449,192341102,19234,Humboldt,40.75862593799636,-124.17595802443537
2450,192381102,19238,Humboldt,40.55861262966934,-124.19863736494612
2451,192381103,19238,Humboldt,40.57708474563917,-124.25440995137231
2452,192391101,19239,Humboldt,40.8995766110574,-124.05742389950719
2453,192391102,19239,Humboldt,40.8895764294201,-124.07407842070337
2454,192391103,19239,Humboldt,40.98102247112765,-124.080116422563
2455,192391104,19239,Humboldt,40.90644274566236,-124.05423433509225
2456,192401101,19240,Humboldt,41.07755573876078,-123.67346505703954
2457,192411101,19241,Humboldt,40.3530956025827,-123.41656172812799
2458,192431108,19243,Humboldt,40.74469750562221,-124.14741337721865
2459,192431109,19243,Humboldt,40.778411218406205,-124.12959590207404
2460,192451103,19245,Humboldt,40.81979150626076,-124.1866275289278
2461,192451104,19245,Humboldt,40.79953931932731,-124.19659840226927
2462,192461101,19246,Humboldt,40.48438122849214,-123.73095107703568
2463,192461102,19246,Humboldt,40.46665509207418,-123.80110328539648
2464,251511101,25151,Yosemite,37.154131530264074,-119.50548411971229
2465,252021101,25202,Kern,35.67665175474458,-120.10665833744162
2466,252021102,25202,Kern,35.694278364155785,-119.9388919345386
2467,252041101,25204,Fresno,36.807465111215485,-119.6608353599789
2468,252041102,25204,Fresno,36.814183789214866,-119.63067147647706
2469,252041103,25204,Fresno,36.77719227104357,-119.69433940168199
2470,252041104,25204,Fresno,36.80169745173532,-119.68035733760176
2471,252041105,25204,Fresno,36.775794650477295,-119.65904068024908
2472,252041106,25204,Fresno,36.769063626058525,-119.66898801048286
2473,252041107,25204,Fresno,36.803616649308864,-119.6190824777801
2474,252041108,25204,Fresno,36.80382778504463,-119.71990475819611
2475,252051102,25205,Fresno,36.789751342972004,-119.82484730152265
2476,252051103,25205,Fresno,36.795713365762026,-119.80514297157305
2477,252051104,25205,Fresno,36.775184035614814,-119.82823590466546
2478,252051106,25205,Fresno,36.77215909324709,-119.81727444134913
2479,252051107,25205,Fresno,36.79089142782902,-119.82149632787566
2480,252051108,25205,Fresno,36.75436735607573,-119.80174523440922
2481,252051109,25205,Fresno,36.7910226495498,-119.83085700786002
2482,252051111,25205,Fresno,36.7938403360054,-119.8407005586744
2483,252051112,25205,Fresno,36.77538532510377,-119.8815888587089
2484,252051112,25205,Fresno,36.78302581194737,-119.86321148255696
2485,252051113,25205,Fresno,36.786753259144874,-119.8910144464674
2486,252051113,25205,Fresno,36.77904239261891,-119.89509828814772
2487,252051114,25205,Fresno,36.77715947050176,-119.80750012230759
2488,252051116,25205,Fresno,36.76239169884545,-119.80853022294052
2489,252052101,25205,Fresno,36.798952302554284,-119.83113837780728
2490,252052105,25205,Fresno,36.82134809289848,-119.82462245134677
2491,252052110,25205,Fresno,36.79564324417411,-119.82764604648926
2492,252052115,25205,Fresno,36.80884093822881,-119.81980148011654
2493,252052117,25205,Fresno,36.80796959896282,-119.8445817776518
2494,252052118,25205,Fresno,36.799941741358985,-119.8241942951228
2495,252052119,25205,Fresno,36.80447036945618,-119.8175452378076
2496,252062109,25206,Fresno,36.86577798201714,-119.69922543789927
2497,252062109,25206,Fresno,36.87394510339695,-119.70067740558093
2498,252062110,25206,Fresno,36.823794741661715,-119.71325496845692
2499,252062111,25206,Fresno,36.89573379386624,-119.71560794068048
2500,252062112,25206,Fresno,36.849971936828275,-119.67340388949118
2501,252081101,25208,Kern,35.143445939585796,-119.45239721454679
2502,252081103,25208,Kern,35.14856076101945,-119.42980888014974
2503,252081104,25208,Kern,35.13221190000575,-119.47621136456304
2504,252081106,25208,Kern,35.14389375222582,-119.48283336562062
2505,252081108,25208,Kern,35.11534476564286,-119.44766227608089
2506,252091101,25209,Yosemite,37.164034246458286,-120.76010689871929
2507,252091102,25209,Yosemite,37.08442264646745,-120.8647796592969
2508,252091103,25209,Yosemite,37.111073455310084,-120.84840245017803
2509,252091104,25209,Yosemite,37.05753274874417,-120.84437687361182
2510,252091105,25209,Yosemite,37.06911364369543,-120.84488758316056
2511,252091106,25209,Yosemite,37.061023759526,-120.82149304360321
2512,252161106,25216,Fresno,36.141002583794204,-120.36659167318022
2513,252161107,25216,Fresno,36.13680163724508,-120.33508708706064
2514,252161108,25216,Fresno,36.09986250550954,-120.44425960580402
2515,252161109,25216,Fresno,36.145139566346295,-120.35664776310847
2516,252171104,25217,Fresno,36.19672106995385,-119.53309547037561
2517,252171106,25217,Fresno,36.036845624157735,-119.51816621488041
2518,252171108,25217,Fresno,36.050931928210076,-119.57156328230238
2519,252171112,25217,Fresno,36.10722698002481,-119.57054025933937
2520,252171116,25217,Fresno,36.156634899431836,-119.58673620247295
2521,252171118,25217,Fresno,36.10750224572411,-119.54530908920837
2522,252192101,25219,Yosemite,37.482119480817786,-120.27316504049278
2523,252192105,25219,Yosemite,37.75414122502753,-120.15774104186593
2524,252211101,25221,Fresno,36.84052553649778,-120.09193956555627
2525,252211102,25221,Fresno,36.768664683669705,-120.21393947037903
2526,252211103,25221,Fresno,36.74379917967609,-120.22318637756834
2527,252211104,25221,Fresno,36.79716880945604,-119.97001896534546
2528,252241102,25224,Fresno,36.51433582900345,-119.5513169761302
2529,252241108,25224,Fresno,36.54705437482625,-119.5371491327048
2530,252241110,25224,Fresno,36.446760040674164,-119.52779015613234
2531,252241111,25224,Fresno,36.465833203832524,-119.44883460450409
2532,252241112,25224,Fresno,36.51898362632888,-119.55223161852828
2533,252241113,25224,Fresno,36.48152520814619,-119.52851210460169
2534,252241114,25224,Fresno,36.52299747481952,-119.61109897742675
2535,252241116,25224,Fresno,36.47453778615093,-119.63055141417756
2536,252261101,25226,Yosemite,37.26344980835589,-120.73354723389497
2537,252261102,25226,Yosemite,37.36722997276759,-120.81424530461575
2538,252261104,25226,Yosemite,37.331175595568496,-120.71433346970517
2539,252261105,25226,Yosemite,37.30031440976138,-120.85167413203308
2540,252261106,25226,Yosemite,37.37491843687992,-120.7653236262505
2541,252281102,25228,Fresno,36.70869714644565,-119.77278115871445
2542,252281103,25228,Fresno,36.71652297561279,-119.77894864600222
2543,252281104,25228,Fresno,36.721761387218685,-119.78165107557417
2544,252281106,25228,Fresno,36.731588931179424,-119.72991707211993
2545,252281108,25228,Fresno,36.71777878815673,-119.75417966104823
2546,252281110,25228,Fresno,36.725164017445934,-119.77558278343473
2547,252281111,25228,Fresno,36.71083459670637,-119.763760163179
2548,252281112,25228,Fresno,36.730751256547485,-119.78316555080904
2549,252281113,25228,Fresno,36.74041751275883,-119.7857957983186
2550,252281114,25228,Fresno,36.74258194438209,-119.74439170382013
2551,252281116,25228,Fresno,36.72134815512112,-119.74790288158025
2552,252281117,25228,Fresno,36.72952781505027,-119.7763727699138
2553,252291102,25229,Fresno,36.61068287271625,-119.54676374018234
2554,252291103,25229,Fresno,36.59511571567636,-119.52979986948527
2555,252291104,25229,Fresno,36.596722602020066,-119.54880753918093
2556,252291105,25229,Fresno,36.66302144317797,-119.48879786278881
2557,252301102,25230,Fresno,36.387477558656734,-119.88343266766917
2558,252301103,25230,Fresno,36.36946368847117,-119.83372790362264
2559,252301104,25230,Fresno,36.43045767979005,-119.91243545435164
2560,252301105,25230,Fresno,36.46788186136826,-119.75594431333236
2561,252311101,25231,Yosemite,36.7414894852514,-120.50166724840543
2562,252311102,25231,Yosemite,36.67615686867797,-120.37650515694357
2563,252311103,25231,Yosemite,36.74898865898433,-120.39898984452265
2564,252311104,25231,Yosemite,36.678981904902756,-120.4962095984788
2565,252321102,25232,Kern,35.52660393285316,-119.68981761837192
2566,252321103,25232,Kern,35.56967850833697,-119.88568944914391
2567,252341101,25234,Fresno,36.560569018293236,-119.40677696149275
2568,252341104,25234,Fresno,36.60944010156169,-119.26449021470678
2569,252341106,25234,Fresno,36.610963374323255,-119.40626313244621
2570,252341110,25234,Fresno,36.58986914356086,-119.36775220976025
2571,252341112,25234,Fresno,36.6248775951921,-119.33146643186699
2572,252351104,25235,Fresno,36.713477935239816,-119.57536741477246
2573,252351106,25235,Fresno,36.70422171766213,-119.56027578911352
2574,252351108,25235,Fresno,36.816539220922394,-119.55044619893953
2575,252351110,25235,Fresno,36.67770024790123,-119.60267552571969
2576,252351112,25235,Fresno,36.706961139491355,-119.61713898271526
2577,252351114,25235,Fresno,36.783045950357156,-119.60896135521702
2578,252351116,25235,Fresno,36.699336318801315,-119.58460064819138
2579,252351118,25235,Fresno,36.72438268950156,-119.66321030909377
2580,252361106,25236,Fresno,36.58911854272254,-120.17359537867706
2581,252361108,25236,Fresno,36.624063446448815,-120.19726116251776
2582,252361112,25236,Fresno,36.65461016653967,-120.18477957336174
2583,252371101,25237,Fresno,36.51808249697037,-119.82947957911408
2584,252371102,25237,Fresno,36.54212115922018,-119.83077321914689
2585,252371104,25237,Fresno,36.57070531847251,-119.82700487462289
2586,252371105,25237,Fresno,36.54361336144073,-119.90407524333605
2587,252381105,25238,Fresno,36.224228002173106,-120.52257934765022
2588,252381106,25238,Fresno,36.197899106919074,-120.27488018295918
2589,252381107,25238,Fresno,36.238666522525456,-120.25556033587762
2590,252411104,25241,Fresno,36.89524827745836,-119.49685964804519
2591,252411106,25241,Fresno,36.85638195999449,-119.66616264715547
2592,252411112,25241,Fresno,36.908289826120544,-119.66805423820205
2593,252421102,25242,Yosemite,37.044483259369734,-120.41915282111601
2594,252421105,25242,Yosemite,37.00627978108052,-120.34444005305927
2595,252421109,25242,Yosemite,37.04707854681292,-120.30719479387076
2596,252421110,25242,Yosemite,36.92462906460967,-120.30935858714447
2597,252421111,25242,Yosemite,37.09259774749713,-120.38274472691165
2598,252421112,25242,Yosemite,36.967440032228055,-120.47669482659352
2599,252421113,25242,Yosemite,37.056224900204654,-120.26583235261836
2600,252441104,25244,Kern,35.188458235606,-119.40300296774207
2601,252441106,25244,Kern,35.23134693696602,-119.3726334734337
2602,252451101,25245,Yosemite,37.18402705238648,-120.40482408112626
2603,252451102,25245,Yosemite,37.01079065422517,-120.51085781946047
2604,252451103,25245,Yosemite,37.11022827752989,-120.49230415285857
2605,252451104,25245,Yosemite,37.18580808552042,-120.48738470058788
2606,252461101,25246,Kern,35.642416675341465,-119.0658372341227
2607,252461102,25246,Kern,35.63194206022971,-119.19588323055252
2608,252461103,25246,Kern,35.609649039537366,-119.10362848518524
2609,252461105,25246,Kern,35.577669164003346,-119.21339479843118
2610,252461107,25246,Kern,35.60576551440147,-119.20442833688165
2611,252501101,25250,Fresno,36.90953751476838,-119.07378390451143
2612,252521103,25252,Yosemite,37.20748512869498,-119.57086153978197
2613,252531101,25253,Yosemite,37.310321047887335,-119.55154308297463
2614,252531102,25253,Yosemite,37.257758366633254,-119.53068558771228
2615,252531103,25253,Yosemite,37.245035651471625,-119.52038596998757
2616,252551104,25255,Kern,35.38768643961429,-119.71085556987744
2617,252552103,25255,Kern,35.46086315333239,-119.68950352289653
2618,252561101,25256,Fresno,37.093182239170076,-119.52179250583835
2619,252611101,25261,Kern,35.48339120687724,-119.52836138966994
2620,252611102,25261,Kern,35.35478519132281,-119.37687384224681
2621,252611103,25261,Kern,35.40467633844353,-119.429903829617
2622,252611104,25261,Kern,35.39997911560798,-119.47284252155478
2623,252661101,25266,Fresno,36.17513048778019,-119.62252320687945
2624,252661102,25266,Fresno,36.20390716810396,-119.58489540033143
2625,252661103,25266,Fresno,36.242941295803526,-119.57424916046311
2626,252661104,25266,Fresno,36.2834163157633,-119.6954184996527
2627,252661106,25266,Fresno,36.245930087725434,-119.69087531387241
2628,252681104,25268,Fresno,36.16719558079948,-119.83460000664567
2629,252681106,25268,Fresno,36.24654233101225,-119.88820383449057
2630,252681108,25268,Fresno,36.22785154056432,-119.95002166480944
2631,252681110,25268,Fresno,36.3801945244708,-119.9135481471327
2632,252691104,25269,Yosemite,37.6991241330227,-119.75309180016066
2633,252701104,25270,Fresno,36.644846159184716,-119.86570115299325
2634,252701106,25270,Fresno,36.668799099744575,-119.89862927679496
2635,252701110,25270,Fresno,36.740149363879276,-119.8803748580059
2636,252701114,25270,Fresno,36.760421813251426,-119.88019712947563
2637,252711101,25271,Fresno,36.74264031112563,-119.97319446849555
2638,252711102,25271,Fresno,36.720406640067004,-120.08760724191211
2639,252711103,25271,Fresno,36.77083431032448,-120.02435914063021
2640,252711104,25271,Fresno,36.69111698963936,-120.1029902924025
2641,252711106,25271,Fresno,36.64361668103456,-120.06135644994994
2642,252711108,25271,Fresno,36.76416077217714,-120.03292229516833
2643,252721103,25272,Kern,35.43148010726211,-119.01779393282364
2644,252721104,25272,Kern,35.50827695653166,-119.03763986944381
2645,252721106,25272,Kern,35.44960025179028,-118.91469309303325
2646,252721107,25272,Kern,35.45590557152478,-119.05542718931174
2647,252721108,25272,Kern,35.44723918189688,-119.03180414796478
2648,252721109,25272,Kern,35.42156004461666,-119.05004905276168
2649,252721110,25272,Kern,35.417105481216225,-119.02348061361776
2650,252721114,25272,Kern,35.44152227756851,-118.99805150518229
2651,252721116,25272,Kern,35.43130555626047,-119.06378561836871
2652,252731101,25273,Fresno,36.04760824094091,-120.11106863166547
2653,252732104,25273,Fresno,36.050094968895316,-120.23937586824321
2654,252761104,25276,Yosemite,36.95765970332224,-120.07948348394041
2655,252761106,25276,Yosemite,36.94281052629812,-120.05576780955947
2656,252761112,25276,Yosemite,36.92990908199187,-120.10148110126748
2657,252761114,25276,Yosemite,36.9564188193475,-120.05999746012698
2658,252761116,25276,Yosemite,36.923967475273194,-120.0286419568379
2659,252761118,25276,Yosemite,36.95657603036416,-120.08885948731711
2660,252761119,25276,Yosemite,36.85318490137551,-120.05586046834892
2661,252771101,25277,Kern,35.38159660801465,-118.95189241574339
2662,252771104,25277,Kern,35.372613396323096,-118.91435208512225
2663,252771105,25277,Kern,35.37635132695893,-118.92576610718672
2664,252771106,25277,Kern,35.38327245221966,-118.94134362389812
2665,252771108,25277,Kern,35.36183259475592,-118.85766287103021
2666,252772108,25277,Kern,35.34216047674752,-118.92985738447861
2667,252772109,25277,Kern,35.324961717351215,-118.9761029313244
2668,252781101,25278,Kern,35.34031988066081,-119.64418287669652
2669,252801108,25280,Yosemite,37.25864289510927,-120.53973736624788
2670,252801114,25280,Yosemite,37.201551833464855,-120.49809306726495
2671,252801116,25280,Yosemite,37.22520453971083,-120.40229177209267
2672,252802101,25280,Yosemite,37.31853420818703,-120.44460639510227
2673,252802102,25280,Yosemite,37.30531269497098,-120.46876509185746
2674,252811102,25281,Yosemite,37.641511511611164,-120.32516742585678
2675,252821101,25282,Kern,35.20166082615953,-119.18870108005667
2676,252821102,25282,Kern,35.19407587197446,-119.03735248383327
2677,252821103,25282,Kern,35.22870162862177,-119.20788178816082
2678,252821104,25282,Kern,35.281731163696016,-119.1055087534286
2679,252821105,25282,Kern,35.20895399954977,-119.12556415333191
2680,252841101,25284,Fresno,36.519873649713205,-119.28676536490711
2681,252841102,25284,Fresno,36.54514876575201,-119.228109809595
2682,252841103,25284,Fresno,36.55876929395778,-119.25032634312987
2683,252841104,25284,Fresno,36.55064614929746,-119.26930087792705
2684,252852101,25285,Fresno,36.84218641811798,-119.72363534588197
2685,252852102,25285,Fresno,36.85421803486767,-119.75435983868348
2686,252852103,25285,Fresno,36.83822772175988,-119.82286754651355
2687,252852105,25285,Fresno,36.85217650122653,-119.7744354557475
2688,252852106,25285,Fresno,36.84186579506373,-119.77173965320944
2689,252852107,25285,Fresno,36.846115287386276,-119.8020376238859
2690,252852109,25285,Fresno,36.84553783317102,-119.7982275321849
2691,252852110,25285,Fresno,36.851108829039084,-119.797501361608
2692,252852111,25285,Fresno,36.855411820907385,-119.77519100783861
2693,252861101,25286,Kern,35.47866984344584,-119.27914480624236
2694,252861102,25286,Kern,35.492676191048986,-119.27923646739663
2695,252861103,25286,Kern,35.44171285342383,-119.23834277566186
2696,252861104,25286,Kern,35.44187350174161,-119.19125865635853
2697,252861106,25286,Kern,35.47097287238755,-119.3142003988559
2698,252891105,25289,Fresno,36.37909892991417,-120.12113335364145
2699,252891110,25289,Fresno,36.4149742589313,-120.11101775271108
2700,252891111,25289,Fresno,36.443957242399364,-120.11301434077839
2701,252891112,25289,Fresno,36.49303685608857,-120.17039090836504
2702,252891114,25289,Fresno,36.33503306502829,-120.22018383101761
2703,252891116,25289,Fresno,36.39299564878588,-120.27113798457988
2704,252901104,25290,Kern,35.550417962610574,-119.47283889058737
2705,252901106,25290,Kern,35.60159365983351,-119.4322089674831
2706,252901110,25290,Kern,35.60135051123857,-119.37795232593416
2707,252901112,25290,Kern,35.65578903938395,-119.45478866546206
2708,252921108,25292,Fresno,36.4906283622004,-119.28667157751049
2709,252921109,25292,Fresno,36.455387392937496,-119.18249928207497
2710,252921110,25292,Fresno,36.48230503540868,-119.21873247200791
2711,252931102,25293,Kern,34.99278052793901,-118.9473065605429
2712,252931103,25293,Kern,35.02541933122914,-118.7559785641893
2713,252931105,25293,Kern,35.03095196561857,-118.93727412868482
2714,252931106,25293,Kern,34.984347392286004,-118.89609864203601
2715,252931107,25293,Kern,35.016490453503586,-118.95281063598664
2716,252941106,25294,Fresno,36.74043657396307,-119.43910096969596
2717,252941107,25294,Fresno,36.7268970715183,-119.29028319372706
2718,252951104,25295,Fresno,35.990488010267434,-120.00135065037288
2719,252951106,25295,Fresno,36.05806048081392,-119.82523650592739
2720,252951108,25295,Fresno,35.921794902497794,-119.84395214884202
2721,252961101,25296,Kern,35.593626207506816,-119.3126973901942
2722,252961102,25296,Kern,35.585272324019186,-119.35065358262247
2723,252961104,25296,Kern,35.59166769648754,-119.33415951596871
2724,252971101,25297,Kern,35.19877761016341,-118.91467562031853
2725,252971102,25297,Kern,35.19462586424613,-118.817827542335
2726,252971103,25297,Kern,35.22208236428392,-118.82432976685845
2727,252971106,25297,Kern,35.2232052980217,-118.96002789169086
2728,253141103,25314,Kern,34.957317612182656,-119.66569181211115
2729,253141104,25314,Kern,34.92747231120626,-119.68264127223463
2730,253142101,25314,Kern,34.887066635600696,-119.62131503034801
2731,253142102,25314,Kern,34.93988046965177,-119.55619779510566
2732,253151102,25315,Fresno,36.51616050491081,-120.39733841377762
2733,253151103,25315,Fresno,36.55938527678491,-120.30113781680338
2734,253161106,25316,Fresno,36.202227862238566,-120.12152259700596
2735,253161108,25316,Fresno,36.1824744706708,-120.0851726750768
2736,253161112,25316,Fresno,36.24341575146026,-120.10354486400516
2737,253161116,25316,Fresno,36.21062324049487,-120.09388267741069
2738,253181101,25318,Kern,35.70116862978193,-119.2407791059822
2739,253181102,25318,Kern,35.681305214686454,-119.30321623056194
2740,253181104,25318,Kern,35.66014711236495,-119.19935025473245
2741,253181105,25318,Kern,35.73233717469766,-119.28210437278186
2742,253191101,25319,Kern,35.04527390632091,-118.8052607003307
2743,253191102,25319,Kern,35.121481774734455,-118.87241977933415
2744,253191104,25319,Kern,35.10288404606141,-118.89603881409367
2745,253371101,25337,Kern,35.396064855233064,-119.00111708610392
2746,253371102,25337,Kern,35.39166065408047,-118.99842024894659
2747,253371105,25337,Kern,35.38564273287179,-119.01578740748381
2748,253371106,25337,Kern,35.38845035097833,-118.97435382908819
2749,253371107,25337,Kern,35.38347491564747,-119.00858334551366
2750,253371110,25337,Kern,35.39231647662422,-119.01344362901817
2751,253371114,25337,Kern,35.37592619329098,-118.96643303421294
2752,253371115,25337,Kern,35.38045269134561,-119.025259580735
2753,253371116,25337,Kern,35.3974304010722,-118.98545139487973
2754,253371118,25337,Kern,35.40233079965039,-119.03562193015959
2755,253372104,25337,Kern,35.33345484518466,-119.00366941959366
2756,253372106,25337,Kern,35.364809262157586,-118.99793366906967
2757,253372109,25337,Kern,35.36263431477285,-119.00646455601606
2758,253391103,25339,Kern,35.37526600253081,-119.10983119577341
2759,253391104,25339,Kern,35.396746976556784,-119.11544389956899
2760,253391106,25339,Kern,35.41134830025541,-119.0638306535929
2761,253391108,25339,Kern,35.38323170843281,-119.07362909290283
2762,253401101,25340,Yosemite,36.691765156973354,-120.62945454900509
2763,253401102,25340,Yosemite,36.73422042176185,-120.70278385797525
2764,253401104,25340,Yosemite,36.677012896395105,-120.58372178659424
2765,253411102,25341,Kern,35.09456685591245,-119.11191144936825
2766,253411103,25341,Kern,35.051566124025115,-119.11817670578048
2767,253411106,25341,Kern,34.99931908405335,-119.08326871885718
2768,253411107,25341,Kern,35.08864243624888,-119.17204046882611
2769,253422101,25342,Kern,35.26678279605234,-119.0160582987922
2770,253422102,25342,Kern,35.298063553620075,-118.9871550754397
2771,253441102,25344,Fresno,36.2534200771446,-120.12153906471094
2772,253441103,25344,Fresno,36.30239896118087,-120.21179906298367
2773,253441104,25344,Fresno,36.31371038441754,-120.09454183575359
2774,253441106,25344,Fresno,36.28416454703764,-120.16232355244529
2775,253451101,25345,Fresno,35.825519093381835,-119.99426525644111
2776,253451102,25345,Fresno,35.733532837335744,-119.94549489730326
2777,253461101,25346,Kern,35.29139313181489,-119.88059973117433
2778,253471101,25347,Yosemite,36.815624821225576,-120.38072146159952
2779,253471102,25347,Yosemite,36.836701491775486,-120.38831539510127
2780,253471103,25347,Yosemite,36.84794917056282,-120.56321826546811
2781,253481101,25348,Kern,35.08343145472462,-118.96813030267707
2782,253481102,25348,Kern,35.12934815442799,-118.97067078222787
2783,253481103,25348,Kern,35.095476937089956,-118.99665805620315
2784,253491110,25349,Kern,35.45581184904576,-119.10886999204824
2785,253491111,25349,Kern,35.50234086491017,-119.25707542795274
2786,253491112,25349,Kern,35.47769241142468,-119.08819367193179
2787,253491113,25349,Kern,35.50569920268485,-119.16810154995282
2788,253491114,25349,Kern,35.47544558535105,-119.1004577094475
2789,253491115,25349,Kern,35.47447379575543,-119.10940545463725
2790,253491116,25349,Kern,35.54802143099251,-119.13221718867156
2791,253531101,25353,Fresno,36.53561208666098,-119.71895753156466
2792,253531102,25353,Fresno,36.58312522695096,-119.75493026340796
2793,253531103,25353,Fresno,36.64146685401263,-119.77246285494893
2794,253531104,25353,Fresno,36.610306590116984,-119.83082188461421
2795,253541102,25354,Yosemite,37.03930110075632,-120.73722787138473
2796,253541105,25354,Yosemite,37.06222276125856,-120.57232699468537
2797,253551101,25355,Kern,35.71662519564378,-119.48172645188062
2798,253551102,25355,Kern,35.702843425064614,-119.56290910544207
2799,253551104,25355,Kern,35.80044768976433,-119.53778422685795
2800,253551105,25355,Kern,35.81889670883374,-119.45784161968282
2801,253551106,25355,Kern,35.72189110926175,-119.33921081334786
2802,253571101,25357,Fresno,36.775812873533255,-119.69987733894142
2803,253571102,25357,Fresno,36.795688683180686,-119.72491485944961
2804,253571104,25357,Fresno,36.76945711083187,-119.75312537171544
2805,253571105,25357,Fresno,36.73715785914629,-119.68728850614406
2806,253571106,25357,Fresno,36.76475295681607,-119.74720941978092
2807,253571108,25357,Fresno,36.764711566798525,-119.75262772086364
2808,253571109,25357,Fresno,36.76899922384151,-119.72727006885262
2809,253571110,25357,Fresno,36.74965636629585,-119.74100105281964
2810,253571111,25357,Fresno,36.76095954593336,-119.73098463207133
2811,253571112,25357,Fresno,36.76082859856428,-119.70129679783321
2812,253571114,25357,Fresno,36.74544448193604,-119.73422514331187
2813,253571115,25357,Fresno,36.74823055529283,-119.6803040957108
2814,253571116,25357,Fresno,36.78366118892498,-119.73977296144659
2815,253591101,25359,Fresno,36.444606978475285,-120.42030655096248
2816,253591102,25359,Fresno,36.41396579298096,-120.3418300773214
2817,253591103,25359,Fresno,36.382716831713715,-120.46422780405102
2818,253591105,25359,Fresno,36.428348586700054,-120.29802206588683
2819,253601101,25360,Fresno,36.30276610723307,-119.81086865522228
2820,253601102,25360,Fresno,36.28283714977673,-119.78951807408217
2821,253601103,25360,Fresno,36.31252700537715,-119.78689577303483
2822,253601104,25360,Fresno,36.35665402171547,-119.78623478044135
2823,253601105,25360,Fresno,36.307848320915,-119.7787890505925
2824,253611102,25361,Yosemite,37.31676866366885,-120.68172347648611
2825,253611103,25361,Yosemite,37.39001170733266,-120.59974516190564
2826,253611104,25361,Yosemite,37.345768511592155,-120.58716702420965
2827,253611105,25361,Yosemite,37.363159980652604,-120.58862819141952
2828,253611106,25361,Yosemite,37.34596024565837,-120.59974612292744
2829,253611107,25361,Yosemite,37.3156008995304,-120.62365476716347
2830,253611108,25361,Yosemite,37.3675411728435,-120.65736156981349
2831,253642101,25364,Kern,35.6230885831081,-118.83732514303252
2832,253642103,25364,Kern,35.55607121141703,-118.85797921670952
2833,253642104,25364,Kern,35.49399652891083,-118.8871163322823
2834,253651102,25365,Kern,35.514246896354464,-119.25944491151313
2835,253651103,25365,Kern,35.571726883523915,-119.2951580255728
2836,253651104,25365,Kern,35.50854892594437,-119.27828280691683
2837,253651111,25365,Kern,35.490985278671275,-119.31403472505161
2838,253651112,25365,Kern,35.523111223005124,-119.34099123857402
2839,253661101,25366,Fresno,36.57344304883997,-120.22387560415551
2840,253661102,25366,Fresno,36.51734783034303,-120.02773965782909
2841,253661104,25366,Fresno,36.540306999062366,-120.09801268940456
2842,253671101,25367,Yosemite,36.6041694362329,-120.54488247925858
2843,253671102,25367,Yosemite,36.640169476509996,-120.51424984955207
2844,253671103,25367,Yosemite,36.558376487773245,-120.8402367694201
2845,253701101,25370,Kern,35.36103235745338,-119.03232345550123
2846,253701102,25370,Kern,35.3681048469901,-119.03596451364706
2847,253701103,25370,Kern,35.367178507980505,-119.03826423351585
2848,253701104,25370,Kern,35.380004467132125,-119.03873553000237
2849,253701105,25370,Kern,35.36965746001388,-119.0509506723381
2850,253701106,25370,Kern,35.37582850707927,-119.02959432784596
2851,253701107,25370,Kern,35.38123052013026,-119.05216138347576
2852,253701108,25370,Kern,35.34368029732836,-119.02135016394128
2853,253701109,25370,Kern,35.38588831499598,-119.04583162212823
2854,253701110,25370,Kern,35.36115827824957,-119.01429676595143
2855,253701111,25370,Kern,35.3591953754465,-119.04296148193077
2856,253701112,25370,Kern,35.35041576529106,-119.04440527578896
2857,253711101,25371,Fresno,36.388648130925226,-119.73736529772917
2858,253711102,25371,Fresno,36.38645284350916,-119.57013197329604
2859,253731101,25373,Fresno,36.66367365071452,-119.7923329862846
2860,253731102,25373,Fresno,36.73228228962506,-119.785667750279
2861,253731103,25373,Fresno,36.7226464038375,-119.80731570973899
2862,253731104,25373,Fresno,36.72360461233043,-119.78829438751616
2863,253731105,25373,Fresno,36.74412657831173,-119.79967369327706
2864,253731106,25373,Fresno,36.72030778858597,-119.81343931040139
2865,253731107,25373,Fresno,36.73455654927611,-119.79164972770397
2866,253731108,25373,Fresno,36.73337662263099,-119.7947668915251
2867,253731109,25373,Fresno,36.73319872528246,-119.81537929838717
2868,253731110,25373,Fresno,36.69950412201224,-119.79934873525502
2869,253731111,25373,Fresno,36.75736437134895,-119.84149482552935
2870,253731112,25373,Fresno,36.71393688291828,-119.82867558370448
2871,253801101,25380,Kern,35.13807258847867,-118.83337070520516
2872,253801102,25380,Kern,35.16530613574832,-118.92340229416797
2873,253801103,25380,Kern,35.15085518875693,-118.89616258321078
2874,253871102,25387,Kern,35.106509389478,-119.33163918629654
2875,253871103,25387,Kern,35.13312440277881,-119.24353898446512
2876,253871104,25387,Kern,35.06681043791748,-119.22488150106713
2877,253881102,25388,Yosemite,37.32989631945389,-120.45644417896922
2878,253881103,25388,Yosemite,37.35512292541626,-120.51188858670852
2879,253881104,25388,Yosemite,37.33437825642041,-120.5266091239774
2880,253881105,25388,Yosemite,37.31762905529401,-120.49462933462895
2881,253881106,25388,Yosemite,37.32825302861773,-120.50487936142942
2882,253882109,25388,Yosemite,37.327404301308256,-120.47640011128907
2883,253882110,25388,Yosemite,37.33235681209869,-120.48747475242543
2884,253911102,25391,Kern,35.287302585357224,-118.85176201518036
2885,253911103,25391,Kern,35.27382929620335,-118.85173667066415
2886,253911104,25391,Kern,35.3185280680011,-118.79770474042773
2887,253911105,25391,Kern,35.28193353885008,-118.81966785294479
2888,253911106,25391,Kern,35.30379895829039,-118.88744828272424
2889,253911107,25391,Kern,35.33987139902659,-118.89060194990451
2890,253921101,25392,Fresno,36.78634741768555,-119.74847294526454
2891,253921102,25392,Fresno,36.77709776836176,-119.76686549785474
2892,253921103,25392,Fresno,36.78179270264421,-119.79129916470836
2893,253921104,25392,Fresno,36.775451735718235,-119.78678073521546
2894,253921105,25392,Fresno,36.80665234865698,-119.79403099308793
2895,253921106,25392,Fresno,36.78363363692713,-119.79684604003965
2896,253921107,25392,Fresno,36.779925879856215,-119.78271402656512
2897,253921108,25392,Fresno,36.759502406318624,-119.79681854386817
2898,253921109,25392,Fresno,36.75908561452207,-119.77484504911125
2899,253921110,25392,Fresno,36.79044192339964,-119.770252392954
2900,253921111,25392,Fresno,36.79745502575737,-119.76373132685912
2901,253921112,25392,Fresno,36.79774423648841,-119.77681106111557
2902,253931101,25393,Fresno,36.13772313858698,-120.17098427845787
2903,253931102,25393,Fresno,36.108840198974946,-120.00800639991826
2904,253931104,25393,Fresno,36.13813725519047,-120.12669176819118
2905,253931105,25393,Fresno,36.16677502370772,-120.16560603900878
2906,253931106,25393,Fresno,36.12356229334375,-120.16440646972438
2907,253931110,25393,Fresno,36.166892126530435,-120.03646773257364
2908,253951103,25395,Kern,35.4054901399698,-118.95703090739983
2909,253951104,25395,Kern,35.37941398458649,-118.96375600825125
2910,253951105,25395,Kern,35.428871188846905,-118.93641398665058
2911,253951106,25395,Kern,35.3974508186025,-118.96605902403621
2912,253951109,25395,Kern,35.38909993677711,-118.92788953030727
2913,253951110,25395,Kern,35.39034178966781,-118.95765779512074
2914,253961101,25396,Fresno,36.8007430046672,-119.74976958401125
2915,253961102,25396,Fresno,36.812671620958675,-119.78472292959354
2916,253961103,25396,Fresno,36.81587526340155,-119.76107957557602
2917,253961104,25396,Fresno,36.803951504149914,-119.76082915347806
2918,253961105,25396,Fresno,36.805632768923516,-119.75757355563712
2919,253961106,25396,Fresno,36.82253585485366,-119.7713827036807
2920,253961107,25396,Fresno,36.81186394903752,-119.76549456764698
2921,253961108,25396,Fresno,36.81593836158382,-119.75136093403934
2922,253961109,25396,Fresno,36.81374861318337,-119.77689601323375
2923,253961110,25396,Fresno,36.81929337340924,-119.79016173733288
2924,253961113,25396,Fresno,36.795716833939935,-119.72981928347724
2925,253962111,25396,Fresno,36.84003909053663,-119.77121837422935
2926,253962112,25396,Fresno,36.81662070680245,-119.71309599021798
2927,253962114,25396,Fresno,36.8330007086195,-119.73620415731921
2928,253981102,25398,Yosemite,36.9325486018947,-120.24230402365193
2929,253981105,25398,Yosemite,36.84831599568329,-120.1828468540447
2930,253981106,25398,Yosemite,36.894862065908036,-120.15205515689011
2931,254001103,25400,Fresno,35.97554799521617,-119.4664634443252
2932,254001104,25400,Fresno,35.8406469164051,-119.38496733657202
2933,254001106,25400,Fresno,35.88630803401009,-119.48475034693435
2934,254041101,25404,Yosemite,36.98912744604922,-120.61936799138611
2935,254041102,25404,Yosemite,36.97450599369886,-120.63276963385749
2936,254051101,25405,Yosemite,37.097197451049865,-121.015800432707
2937,254051104,25405,Yosemite,37.136135013048964,-121.01483203001632
2938,254061102,25406,Fresno,36.70641722516011,-119.03918465338039
2939,254061103,25406,Fresno,36.73877902926237,-119.0995924474483
2940,254071105,25407,Kern,35.30113534932263,-119.03557664099831
2941,254071106,25407,Kern,35.32180970455933,-119.04860328279877
2942,254071108,25407,Kern,35.33227292295146,-119.0547973655564
2943,254071109,25407,Kern,35.291068032481625,-119.05608256195578
2944,254071110,25407,Kern,35.31690668367695,-119.03884086569754
2945,254071111,25407,Kern,35.33324187620842,-119.03459027464487
2946,254072105,25407,Kern,35.307844206050696,-119.08126680072183
2947,254072106,25407,Kern,35.31224054853454,-119.02749881823915
2948,254072107,25407,Kern,35.33111257544046,-119.0792147452981
2949,254072108,25407,Kern,35.31914255813656,-119.10278993874347
2950,254072109,25407,Kern,35.28846171498725,-119.03976911654898
2951,254072110,25407,Kern,35.35432721872654,-119.04760849432296
2952,254072111,25407,Kern,35.342816503754705,-119.05504939480448
2953,254072112,25407,Kern,35.29592348446399,-119.07539684081888
2954,254072113,25407,Kern,35.32012695013592,-119.02314906917873
2955,254072114,25407,Kern,35.34055350379107,-119.09644115229365
2956,254072115,25407,Kern,35.28648480688449,-119.09426762445514
2957,254081101,25408,Fresno,36.79772877969156,-119.68576490979011
2958,254081102,25408,Fresno,36.84079563029807,-119.62094575280923
2959,254081103,25408,Fresno,36.81147083384379,-119.68010913083846
2960,254081104,25408,Fresno,36.8186215339243,-119.65715007615339
2961,254081105,25408,Fresno,36.784284989929574,-119.69628363732298
2962,254081106,25408,Fresno,36.82210090251252,-119.68779953786768
2963,254081107,25408,Fresno,36.83716283703862,-119.67047620070446
2964,254081108,25408,Fresno,36.81815960214298,-119.63493131884907
2965,254082109,25408,Fresno,36.837542030794744,-119.69079113405083
2966,254082110,25408,Fresno,36.824487078555194,-119.6855347147818
2967,254082111,25408,Fresno,36.80633646665615,-119.71597747562147
2968,254091102,25409,Fresno,36.550777317803075,-119.42217112738713
2969,254091104,25409,Fresno,36.46613259804909,-119.43781026017476
2970,254091105,25409,Fresno,36.51285391446895,-119.35832593208674
2971,254091106,25409,Fresno,36.511934490968265,-119.40819716332341
2972,254101101,25410,Yosemite,37.09469750690965,-120.26134194872306
2973,254101102,25410,Yosemite,37.11678570482358,-120.23787394058579
2974,254101103,25410,Yosemite,37.15574048351645,-120.2953094364625
2975,254101104,25410,Yosemite,37.101856396026015,-120.20212529042534
2976,254101105,25410,Yosemite,37.11827470645963,-120.25956617700975
2977,254101106,25410,Yosemite,37.130423181177235,-120.12003863571945
2978,254121101,25412,Fresno,36.66351120375394,-119.63505062426569
2979,254121102,25412,Fresno,36.576116366499335,-119.58708715453272
2980,254121103,25412,Fresno,36.62342078808544,-119.65239878620442
2981,254121104,25412,Fresno,36.570697943702086,-119.611592205644
2982,254121105,25412,Fresno,36.56309624624868,-119.6140427157078
2983,254121106,25412,Fresno,36.5694941808141,-119.65649179595928
2984,254121107,25412,Fresno,36.589120610418185,-119.57491069773799
2985,254121108,25412,Fresno,36.63324032952472,-119.74574156124137
2986,254151101,25415,Fresno,37.08414529664249,-119.42904441345237
2987,254151102,25415,Fresno,37.03795814069613,-119.5197062873565
2988,254181101,25418,Fresno,36.27776675388376,-119.65012849905347
2989,254201103,25420,Kern,35.55561849487668,-119.6179562880493
2990,254201106,25420,Kern,35.57112577663292,-119.4741011795521
2991,254201106,25420,Kern,35.564807302299684,-119.50323079410109
2992,254202104,25420,Kern,35.611359286325,-119.65432745511015
2993,254211101,25421,Kern,35.10101872595811,-119.36805094054802
2994,254211102,25421,Kern,35.07503243347614,-119.40169580821298
2995,254242103,25424,Kern,35.211934950184514,-119.56962445310472
2996,254242104,25424,Kern,35.19914814508626,-119.5474290667526
2997,254251101,25425,Fresno,36.71639969907753,-119.71908747886474
2998,254251102,25425,Fresno,36.641849857317126,-119.6836293815408
2999,254251103,25425,Fresno,36.74326894591013,-119.67354799354392
3000,254251104,25425,Fresno,36.70578899167175,-119.73095939184256
3001,254251106,25425,Fresno,36.67785704819417,-119.73690123222326
3002,254251107,25425,Fresno,36.69248443434741,-119.74275853011666
3003,254251108,25425,Fresno,36.663484953110604,-119.73953003273941
3004,254251109,25425,Fresno,36.6935424996114,-119.72694196219814
3005,254251110,25425,Fresno,36.724970600012256,-119.69635723811012
3006,254251111,25425,Fresno,36.692407632816334,-119.75073184395684
3007,254272107,25427,Yosemite,36.928362382091635,-119.87537437469865
3008,254272108,25427,Yosemite,36.91601201328603,-119.81183780478808
3009,254291102,25429,Kern,35.238428677939474,-118.80229611341113
3010,254291103,25429,Kern,35.22036915795426,-118.77935308220795
3011,254291104,25429,Kern,35.24664890048835,-118.7705441290658
3012,254301101,25430,Yosemite,37.29013579337948,-120.44152060963134
3013,254301102,25430,Yosemite,37.33517274040893,-120.39948449416669
3014,254301103,25430,Yosemite,37.303200594648175,-120.38626108806258
3015,254311105,25431,Yosemite,36.998377381612315,-120.84267125460207
3016,254311106,25431,Yosemite,37.024272536660064,-120.87552104598073
3017,254401102,25440,Kern,35.69463186983341,-119.84635152250387
3018,254402105,25440,Kern,35.76175974402016,-119.65313622327746
3019,254411104,25441,Fresno,36.61441260249713,-119.94412600746463
3020,254411105,25441,Fresno,36.578677306815074,-120.03018044557547
3021,254411106,25441,Fresno,36.58149175957832,-119.88557314776959
3022,254421101,25442,Yosemite,37.40304732452973,-119.72489711651362
3023,254421102,25442,Yosemite,37.314569020851785,-119.6804796033355
3024,254421103,25442,Yosemite,37.539410084437115,-119.63928771426262
3025,254432102,25443,Yosemite,37.30829837740825,-119.60110549086522
3026,254432103,25443,Yosemite,37.16338612905222,-119.75895997268358
3027,254432104,25443,Yosemite,37.196938727916695,-119.75099407518205
3028,254441103,25444,Fresno,36.69871768413785,-119.55643940841374
3029,254441105,25444,Fresno,36.689135047882985,-119.50511353623209
3030,254441106,25444,Fresno,36.75246887745201,-119.47317458016371
3031,254452101,25445,Yosemite,37.50228987330502,-119.83174465599595
3032,254452102,25445,Yosemite,37.44104579904083,-119.86691688282927
3033,254461109,25446,Yosemite,36.91464363153019,-120.32715094261522
3034,254461111,25446,Yosemite,36.9561549839702,-120.33697548813788
3035,254501102,25450,Kern,35.68351415792899,-119.3305531727928
3036,254501103,25450,Kern,35.60922699385085,-119.24059171891525
3037,254501106,25450,Kern,35.587271988816816,-119.34111992574573
3038,254531106,25453,Fresno,36.590984746576545,-119.4407124788769
3039,254531107,25453,Fresno,36.615281953321556,-119.45352498017196
3040,254531108,25453,Fresno,36.670040326937624,-119.46247367638257
3041,254531109,25453,Fresno,36.596826240231884,-119.43408239038571
3042,254531110,25453,Fresno,36.627512346345696,-119.4307116398284
3043,254531111,25453,Fresno,36.59377197528167,-119.48440739712223
3044,254541103,25454,Kern,35.50052383037578,-119.45965124208936
3045,254541104,25454,Kern,35.49698603473323,-119.40784199343108
3046,254552102,25455,Fresno,36.8077618565721,-119.92480177907687
3047,254552103,25455,Fresno,36.8213753607884,-119.84945707721417
3048,254552104,25455,Fresno,36.829867637155054,-119.87947554498719
3049,254552105,25455,Fresno,36.82823413569606,-119.82549453439812
3050,254552107,25455,Fresno,36.846081744128796,-119.8896922663092
3051,254552108,25455,Fresno,36.81343142387233,-119.87862918957325
3052,254552109,25455,Fresno,36.82935067868397,-119.84617606459263
3053,254552110,25455,Fresno,36.815829545708795,-119.90103704918148
3054,254552111,25455,Fresno,36.8010614148267,-119.85026382312714
3055,254552112,25455,Fresno,36.84018003107499,-119.84797578189864
3056,254552113,25455,Fresno,36.84259778981895,-119.8986038622977
3057,254561103,25456,Kern,35.39554233176423,-119.21666975081054
3058,254561104,25456,Kern,35.3987894571481,-119.37239813673204
3059,254561105,25456,Kern,35.31854981786802,-119.32432449665609
3060,254561106,25456,Kern,35.35450804635214,-119.26336976551852
3061,254572101,25457,Kern,35.35121158842843,-119.17542224116511
3062,254572102,25457,Kern,35.36952181218469,-119.15657652463531
3063,254572103,25457,Kern,35.3835679671133,-119.1507264440092
3064,254572105,25457,Kern,35.40844707400699,-119.13893801643931
3065,254572107,25457,Kern,35.38839618757525,-119.16608948850613
3066,254582101,25458,Kern,35.443019711654415,-119.11547343323657
3067,254582102,25458,Kern,35.42731659888442,-119.14705731833817
3068,254582103,25458,Kern,35.474358582013146,-119.13588634636298
3069,254601103,25460,Fresno,36.644145460973206,-119.11608479145742
3070,254611104,25461,Yosemite,36.99330112284673,-120.0778619424086
3071,254611105,25461,Yosemite,36.96336098113497,-120.09500690120005
3072,254611106,25461,Yosemite,36.97702085475805,-120.0614569156582
3073,254611107,25461,Yosemite,36.97596589380921,-120.04315137092095
3074,254611108,25461,Yosemite,36.96699272010314,-120.02553488827388
3075,254611109,25461,Yosemite,37.011716799669436,-119.9470277377369
3076,254611111,25461,Yosemite,37.00542522960678,-120.06733309416887
3077,254641110,25464,Yosemite,37.085569315444886,-120.90997178917192
3078,254681102,25468,Kern,35.673198561109444,-119.86773324109069
3079,254682101,25468,Kern,35.615351740063836,-119.70972285549914
3080,254691101,25469,Kern,35.27438527407326,-119.20590469175798
3081,254691102,25469,Kern,35.282253465548216,-119.31080519908149
3082,254702103,25470,Yosemite,37.43955099629449,-120.62470788036772
3083,254702104,25470,Yosemite,37.453440790596304,-120.65393724664105
3084,254761101,25476,Kern,35.40585039952979,-119.07458480989001
3085,254762102,25476,Kern,35.355993898468405,-119.06218149231408
3086,254771101,25477,Fresno,36.27628671344007,-119.74496141706456
3087,254771102,25477,Fresno,36.18192103893763,-119.82281815607229
3088,254801101,25480,Fresno,36.71242747510652,-119.75057876083056
3089,255002101,25500,Fresno,35.90603980382027,-120.03697711994818
3090,255121101,25512,Yosemite,36.95082298959095,-119.91220684576007
3091,255121102,25512,Yosemite,36.95253222948529,-120.03399034156713
3092,255121103,25512,Yosemite,36.902206215872,-119.99808873099374
3093,255262101,25526,Kern,35.40638571572432,-119.06729365746305
3094,255262102,25526,Kern,35.36551551198453,-119.0997020901209
3095,255262103,25526,Kern,35.39271615038642,-119.10791255934193
3096,255262104,25526,Kern,35.35140849746645,-119.09370630807952
3097,255262105,25526,Kern,35.39387561984634,-119.12728845225966
3098,255292101,25529,Fresno,36.89489131149577,-119.81659425812337
3099,255292102,25529,Fresno,36.8726434157792,-119.74967485289497
3100,255292103,25529,Fresno,36.87129318364889,-119.77325969776746
3101,255292104,25529,Fresno,36.87686300760589,-119.72995866546788
3102,255292105,25529,Fresno,36.87857633529556,-119.74569781266962
3103,255292106,25529,Fresno,36.88027802904679,-119.74746751657021
3104,255292107,25529,Fresno,36.880030244089944,-119.73490410547649
3105,255292108,25529,Fresno,36.99450142259609,-119.69808743275345
3106,255292109,25529,Fresno,36.89108949078829,-119.74167130597857
3107,255322101,25532,Kern,35.28682282141973,-119.11548938096362
3108,255322102,25532,Kern,35.31203761765688,-119.10795690327598
3109,255322103,25532,Kern,35.34546641764448,-119.13134939054328
3110,255322104,25532,Kern,35.33079543546991,-119.1652038188467
3111,255322105,25532,Kern,35.33302095057844,-119.11330822406774
3112,255361104,25536,Yosemite,37.16211933501614,-120.10414249149129
3113,255361106,25536,Yosemite,37.11060018326575,-120.41481754572439
3114,255361110,25536,Yosemite,37.216576241791635,-120.22550739606656
3115,255361112,25536,Yosemite,37.19231351848053,-120.30666912318034
3116,255371106,25537,Yosemite,36.93362140941247,-120.83790109698438
3117,255371108,25537,Yosemite,36.88088412947584,-120.60334899133301
3118,255371115,25537,Yosemite,37.024257710968016,-120.55657714102084
3119,255371116,25537,Yosemite,36.8797343273285,-120.64817989741086
3120,255371117,25537,Yosemite,36.865705385040215,-120.76343762592235
3121,255371118,25537,Yosemite,36.811921731112776,-120.6747024973419
3122,255391101,25539,Yosemite,37.02900375365253,-120.1932303004627
3123,255391102,25539,Yosemite,36.967407862258774,-120.18741640271422
3124,255391103,25539,Yosemite,36.93811150722303,-120.26632774838053
3125,255451102,25545,Kern,35.4155485946249,-118.89184382413319
3126,255451103,25545,Kern,35.40089637529733,-118.88957634754365
3127,259932101,25993,Fresno,37.01261220625913,-118.99093157013554
3128,153771104,15377,Sacramento,39.296272316773255,-121.8121263305978
3129,182082103,18208,Central Coast,36.29435597196999,-121.28308029610646
3130,182082101,18208,Central Coast,36.34588511242957,-121.26083091417479
3131,163351704,16335,Yosemite,38.04860113474526,-120.40867658239777
3132,182061108,18206,Los Padres,34.91681571047986,-120.44270539972396
3133,182061103,18206,Los Padres,34.913269256471004,-120.42219119889228
3134,182131104,18213,Central Coast,36.565674957959814,-121.52818825340337
3135,253601101,25360,Fresno,36.30276610723307,-119.81086865522228
3136,182611103,18261,Los Padres,35.64428261613052,-120.72589207251508
3137,153701101,15370,Sierra,38.90482070645323,-121.27481617146694
3138,252761118,25276,Yosemite,36.95657603036416,-120.08885948731711
3139,253422101,25342,Kern,35.26678279605234,-119.0160582987922
3140,252821104,25282,Kern,35.281731163696016,-119.1055087534286
3141,252821102,25282,Kern,35.19407587197446,-119.03735248383327
3142,182151102,18215,Central Coast,36.33920979562409,-121.27667717148836
3143,182052104,18205,Central Coast,36.457521558823274,-121.33839123028677
3144,182052102,18205,Central Coast,36.38227162166243,-121.3249330302016
3145,252891105,25289,Fresno,36.37909892991417,-120.12113335364145
3146,253441104,25344,Fresno,36.31371038441754,-120.09454183575359
3147,253441103,25344,Fresno,36.30239896118087,-120.21179906298367
3148,182261106,18226,Central Coast,36.64191660271072,-121.61887590746963
3149,182352103,18235,Central Coast,36.7198382353901,-121.69018959206939
3150,182201103,18220,Central Coast,36.63401034092395,-121.55158281219427
3151,182201105,18220,Central Coast,36.641508671770005,-121.57895989451643
3152,182201102,18220,Central Coast,36.61044755801064,-121.50794859533225
3153,253931102,25393,Fresno,36.108840198974946,-120.00800639991826
3154,182131102,18213,Central Coast,36.50679495881012,-121.4485058206736
3155,182131103,18213,Central Coast,36.48989308723767,-121.46285642382058
3156,152901103,15290,Sacramento,39.13651669478223,-121.52372058128155
3157,152011105,15201,Sacramento,39.1213389149715,-121.52904075699381
3158,152011108,15201,Sacramento,39.15174752443374,-121.52902373251742
3159,182261106,18226,Central Coast,36.64191660271072,-121.61887590746963
3160,152591102,15259,Sierra,39.29782259058811,-120.33476313301156
3161,182541101,18254,Los Padres,35.46158251283818,-120.69129741895715
3162,182821103,18282,Los Padres,35.04008249564833,-120.51540482761725
3163,182821102,18282,Los Padres,35.00996592414997,-120.48709654407892
3164,182821101,18282,Los Padres,35.05816966749177,-120.47921951358933
3165,162880402,16288,Stockton,37.74965640413687,-121.42574664943098
3166,162880405,16288,Stockton,37.74326680693865,-121.42832237338276
3167,254311106,25431,Yosemite,37.024272536660064,-120.87552104598073
3168,255371117,25537,Yosemite,36.865705385040215,-120.76343762592235
3169,255371106,25537,Yosemite,36.93362140941247,-120.83790109698438
3170,182352104,18235,Central Coast,36.69071767246573,-121.77295066220586
3171,182402107,18240,Central Coast,36.684471463294976,-121.79156295914748
3172,182671112,18267,Los Padres,34.95490571902866,-120.39598941983242
3173,182052105,18205,Central Coast,36.45293542221153,-121.36600824501085
3174,182131101,18213,Central Coast,36.52219478157318,-121.43607793679472
3175,182071101,18207,Central Coast,36.48780111563384,-121.4368035557163
3176,182052101,18205,Central Coast,36.3729535810203,-121.23822459972627
3177,254441106,25444,Fresno,36.75246887745201,-119.47317458016371
3178,182401101,18240,Central Coast,36.68582115178579,-121.80014921278357
3179,182402106,18240,Central Coast,36.65497227616444,-121.74149777850992
3180,182402107,18240,Central Coast,36.684471463294976,-121.79156295914748
3181,182402108,18240,Central Coast,36.64512597369051,-121.7998903823397
3182,254051101,25405,Yosemite,37.097197451049865,-121.015800432707
3183,163621101,16362,Stockton,37.97388747093022,-121.29917794055027
3184,182402106,18240,Central Coast,36.65497227616444,-121.74149777850992
3185,182381101,18238,Central Coast,36.83185610974785,-121.69745892526502
3186,182381104,18238,Central Coast,36.78966141884383,-121.7482298749981
3187,182731102,18273,Central Coast,36.523130218193884,-121.52116836785551
3188,182352103,18235,Central Coast,36.7198382353901,-121.69018959206939
3189,182011104,18201,Central Coast,36.63809720722155,-121.67062227612638
3190,182011104,18201,Central Coast,36.670404890727305,-121.67993672604763
3191,103142101,10314,North Valley,39.538805856010235,-122.26052822641843
3192,102741101,10274,North Valley,39.52804963471476,-122.21114504016654
3193,103142103,10314,North Valley,39.52410366324422,-122.2474790665108
3194,182440424,18244,Central Coast,36.618898805640185,-121.92640986832919
3195,182440421,18244,Central Coast,36.60885882181985,-121.9061650184846
3196,182440422,18244,Central Coast,36.59224151866765,-121.94790666597699
3197,182222105,18222,Central Coast,36.59950276359473,-121.86715525795583
3198,182852204,18285,Central Coast,36.59682254071529,-121.89608219666498
3199,182852204,18285,Central Coast,36.60324239461496,-121.9280138355253
3200,182440423,18244,Central Coast,36.62113399458064,-121.92315450379643
3201,102911109,10291,North Valley,39.4274823338456,-121.50358699185273
3202,102911107,10291,North Valley,39.431949103067616,-121.46594701269647
3203,182031106,18203,Central Coast,36.249573019084536,-120.92029410429149
3204,252461107,25246,Kern,35.60576551440147,-119.20442833688165
3205,253651102,25365,Kern,35.514246896354464,-119.25944491151313
3206,253161106,25316,Fresno,36.202227862238566,-120.12152259700596
3207,253931105,25393,Fresno,36.16677502370772,-120.16560603900878
3208,182811102,18281,Los Padres,34.86004249508893,-120.27702066308314
3209,182222104,18222,Central Coast,36.57022445572776,-121.83615028311348
3210,182731101,18273,Central Coast,36.54779643879398,-121.67605670966202
3211,182742101,18274,Central Coast,36.85883366822094,-121.54433781571642
3212,182492101,18249,Central Coast,36.838497428949395,-121.40234738034775
3213,103331101,10333,North Valley,39.95710917892398,-122.25615981598034
3214,163291101,16329,Stockton,37.855537858746736,-121.276853100626
3215,163481111,16348,Stockton,37.91780014080344,-121.2598981289177
3216,182201104,18220,Central Coast,36.582576671216,-121.53291894184841
3217,253441106,25344,Fresno,36.28416454703764,-120.16232355244529
3218,252381107,25238,Fresno,36.238666522525456,-120.25556033587762
3219,163801701,16380,Stockton,37.79793853927114,-121.11346588499376
3220,182131103,18213,Central Coast,36.48989308723767,-121.46285642382058
3221,182131102,18213,Central Coast,36.50679495881012,-121.4485058206736
3222,253191101,25319,Kern,35.04527390632091,-118.8052607003307
3223,259932101,25993,Fresno,37.01261220625913,-118.99093157013554
3224,254201106,25420,Kern,35.57112577663292,-119.4741011795521
3225,254201106,25420,Kern,35.564807302299684,-119.50323079410109
3226,253551102,25355,Kern,35.702843425064614,-119.56290910544207
3227,252901112,25290,Kern,35.65578903938395,-119.45478866546206
3228,182402106,18240,Central Coast,36.65497227616444,-121.74149777850992
3229,182402107,18240,Central Coast,36.684471463294976,-121.79156295914748
3230,182440423,18244,Central Coast,36.62113399458064,-121.92315450379643
3231,182440422,18244,Central Coast,36.59224151866765,-121.94790666597699
3232,182222105,18222,Central Coast,36.59950276359473,-121.86715525795583
3233,182440421,18244,Central Coast,36.60885882181985,-121.9061650184846
3234,182440424,18244,Central Coast,36.618898805640185,-121.92640986832919
3235,182852204,18285,Central Coast,36.59682254071529,-121.89608219666498
3236,182852204,18285,Central Coast,36.60324239461496,-121.9280138355253
3237,182401101,18240,Central Coast,36.68582115178579,-121.80014921278357
3238,182402108,18240,Central Coast,36.64512597369051,-121.7998903823397
3239,182401101,18240,Central Coast,36.68582115178579,-121.80014921278357
3240,182402106,18240,Central Coast,36.65497227616444,-121.74149777850992
3241,182402107,18240,Central Coast,36.684471463294976,-121.79156295914748
3242,182402108,18240,Central Coast,36.64512597369051,-121.7998903823397
3243,182131104,18213,Central Coast,36.565674957959814,-121.52818825340337
3244,182731102,18273,Central Coast,36.523130218193884,-121.52116836785551
3245,182011104,18201,Central Coast,36.63809720722155,-121.67062227612638
3246,182011104,18201,Central Coast,36.670404890727305,-121.67993672604763
3247,182201105,18220,Central Coast,36.641508671770005,-121.57895989451643
